-- phpMyAdmin SQL Dump
-- version 4.9.3
-- https://www.phpmyadmin.net/
--
-- Host: localhost:8889
-- Generation Time: Apr 24, 2022 at 07:13 AM
-- Server version: 5.7.26
-- PHP Version: 7.4.1

SET SQL_MODE = "NO_AUTO_VALUE_ON_ZERO";
SET time_zone = "+00:00";


/*!40101 SET @OLD_CHARACTER_SET_CLIENT=@@CHARACTER_SET_CLIENT */;
/*!40101 SET @OLD_CHARACTER_SET_RESULTS=@@CHARACTER_SET_RESULTS */;
/*!40101 SET @OLD_COLLATION_CONNECTION=@@COLLATION_CONNECTION */;
/*!40101 SET NAMES utf8mb4 */;

--
-- Database: `si_kerjapraktik`
--

-- --------------------------------------------------------

--
-- Table structure for table `tb_dosen`
--

CREATE TABLE `tb_dosen` (
  `nip` varchar(18) NOT NULL,
  `id_user` int(11) NOT NULL,
  `nama_dsn` varchar(45) NOT NULL,
  `telp_dsn` varchar(15) NOT NULL,
  `email_dsn` varchar(45) NOT NULL
) ENGINE=InnoDB DEFAULT CHARSET=utf8mb4;

--
-- Dumping data for table `tb_dosen`
--

INSERT INTO `tb_dosen` (`nip`, `id_user`, `nama_dsn`, `telp_dsn`, `email_dsn`) VALUES
('195803051986031007', 74, 'Drs. Asahar Johar, M.Kom', '081234562532', 'asahar@gmail.com'),
('195904241986021002', 75, 'Drs. Boko Susilo, M.Kom', '081236458261', 'boko@gmail.com'),
('197308142006042001', 77, 'Ernawati, S.T., M.Cs', '0897366524316', 'erna@gmail.com'),
('197610052005012002', 73, 'Dr. Diyah Puspitaningrum, S.T., M.Kom', '0878236327135', 'diyah@gmail.com'),
('197812072005012001', 72, 'Desi Andreswari, S.T., M.Cs', '0897263571351', 'desi@gmail.com'),
('198101122005011002', 83, 'Rusdi Efendi, S.T., M.Kom', '0897365624371', 'rusdi@gmail.com'),
('198112222008011011', 68, 'Aan Erlansari, S.T., M.Eng', '081122334455555', 'aan@gmail.com'),
('198205172008121004', 78, 'Funny Farady Coastera, S.Kom., M.T', '0899368725721', 'funny@gmail.com'),
('198310302009031002', 307, 'Nadiza Lediwara,S.T.,M.Eng', '09873682826', 'nadiza@gmail.com'),
('198411292008122000', 84, 'Ruvita Faurina, S.T., M.Eng', '083163682818', 'ruvita@gmail.com'),
('198502042008122002', 71, 'Arie Vatresia, S.T., M.T.I.,Ph.D', '082153531463', 'arie@gmail.com'),
('198701272012122001', 76, 'Endina Putri Purwandari, S.T., M.Kom', '089836767635', 'endina@gmail.com'),
('198901182015042004', 80, 'Kurnia Anggriani, S.T., M.T', '089836762521', 'kurnia@gmail.com'),
('198906232018031001', 69, 'Ferzha Putra Utama, S.T., M.Eng', '081122334455', 'ferzha1@gmail.com'),
('198909032015041004', 86, 'Yudi Setiawan, S.T., M.Eng', '0812367763557', 'yudi@gmail.com'),
('199007092019032025', 79, 'Julia Purnama Sari, S.T., M.Kom', '081237645265', 'julia@gmail.com'),
('199010182020122012', 85, 'Widhia Oktoberza, Kz,. S.T., M.Eng', '089782632638', 'widhia@gmail.com'),
('199201042019031015', 81, 'Mochammad Yusa, S.Kom.,M.Kom', '08986734525', 'yusa@gmail.com'),
('199201312019031010', 70, 'Andang Wijanarko, S.Kom., M.Kom', '0811121211112', 'andang@gmail.com'),
('199411232020122000', 82, 'Nurul Renaningtyas, S.T., M.Kom', '0856735725328', 'nurul@gmail.com');

-- --------------------------------------------------------

--
-- Table structure for table `tb_jadwal`
--

CREATE TABLE `tb_jadwal` (
  `id_jadwal` int(11) NOT NULL,
  `jd_akun_s` date DEFAULT NULL,
  `jd_akun_e` date DEFAULT NULL,
  `jd_kp_s` date DEFAULT NULL,
  `jd_kp_e` date DEFAULT NULL,
  `jd_seminar_s` date DEFAULT NULL,
  `jd_seminar_e` date DEFAULT NULL,
  `jd_seminar_m_s` date DEFAULT NULL,
  `jd_seminar_m_e` date DEFAULT NULL,
  `periode_kp` int(3) NOT NULL
) ENGINE=InnoDB DEFAULT CHARSET=utf8mb4;

--
-- Dumping data for table `tb_jadwal`
--

INSERT INTO `tb_jadwal` (`id_jadwal`, `jd_akun_s`, `jd_akun_e`, `jd_kp_s`, `jd_kp_e`, `jd_seminar_s`, `jd_seminar_e`, `jd_seminar_m_s`, `jd_seminar_m_e`, `periode_kp`) VALUES
(0, '2022-03-21', '2022-03-28', '2022-03-21', '2022-03-28', '2022-03-21', '2022-03-28', '2022-03-21', '2022-03-28', 7);

-- --------------------------------------------------------

--
-- Table structure for table `tb_kegiatan`
--

CREATE TABLE `tb_kegiatan` (
  `id_kegiatan` int(11) NOT NULL,
  `npm` varchar(9) NOT NULL,
  `keg_s` date NOT NULL,
  `keg_e` date NOT NULL,
  `ket` varchar(500) NOT NULL
) ENGINE=InnoDB DEFAULT CHARSET=utf8;

--
-- Dumping data for table `tb_kegiatan`
--

INSERT INTO `tb_kegiatan` (`id_kegiatan`, `npm`, `keg_s`, `keg_e`, `ket`) VALUES
(10, 'G1A013012', '2021-11-28', '2021-12-02', 'observasi'),
(11, 'G1A013012', '2021-12-03', '2021-12-06', 'penelitian'),
(12, 'G1A013012', '2021-12-07', '2021-12-10', 'pra penelitian');

-- --------------------------------------------------------

--
-- Table structure for table `tb_kerjapraktik`
--

CREATE TABLE `tb_kerjapraktik` (
  `id_kp` int(11) NOT NULL,
  `id_lks` int(11) NOT NULL,
  `npm` varchar(9) NOT NULL,
  `nip` varchar(18) NOT NULL,
  `judul` varchar(250) NOT NULL,
  `nama_pl` varchar(45) NOT NULL,
  `semester_ta` varchar(15) NOT NULL,
  `uraian` varchar(1000) NOT NULL,
  `jangka_waktu_s` date NOT NULL,
  `jangka_waktu_e` date NOT NULL,
  `tgl_pengajuan` date NOT NULL,
  `status` enum('Menunggu','Disetujui Pembimbing','Disetujui Koordinator','Ditolak','Perubahan Judul','Selesai') NOT NULL,
  `keterangan` enum('Baru','Mengulang') NOT NULL
) ENGINE=InnoDB DEFAULT CHARSET=utf8mb4;

--
-- Dumping data for table `tb_kerjapraktik`
--

INSERT INTO `tb_kerjapraktik` (`id_kp`, `id_lks`, `npm`, `nip`, `judul`, `nama_pl`, `semester_ta`, `uraian`, `jangka_waktu_s`, `jangka_waktu_e`, `tgl_pengajuan`, `status`, `keterangan`) VALUES
(87, 87, 'G1A013012', '197610052005012002', 'Web Profil & Manajemen Kepegawaian DINKES Bengkulu Utara', '', 'VI/2016-2017', 'Web Profil & Manajemen Kepegawaian DINKES Bengkulu Utara', '2017-02-17', '2017-06-20', '2017-02-10', 'Selesai', 'Baru'),
(88, 88, 'G1A013038', '197610052005012002', 'SI Manajemen Kepegawaian & Kesiswaan SMPIT Generasi Rabbani', '', 'VI/2016-2017', 'SI Manajemen Kepegawaian & Kesiswaan SMPIT Generasi Rabbani', '2017-02-17', '2017-06-20', '2017-02-10', 'Selesai', 'Baru'),
(89, 89, 'G1A014003', '198112222008011011', 'SI E-Billing', '', 'VI/2016-2017', 'SI E-Billing', '2017-02-17', '2017-06-20', '2017-02-10', 'Selesai', 'Baru'),
(90, 90, 'G1A014004', '195803051986031007', 'SI Skripsi Online', '', 'VI/2016-2017', 'SI Skripsi Online', '2017-02-17', '2017-06-20', '2017-02-10', 'Selesai', 'Baru'),
(91, 91, 'G1A014005', '198909032015041004', 'SI Manufaktur Agribisnis SOSEK FP UNIB', '', 'VI/2016-2017', 'SI Manufaktur Agribisnis SOSEK FP UNIB', '2017-02-17', '2017-06-20', '2017-02-10', 'Selesai', 'Baru'),
(92, 92, 'G1A014006', '198112222008011011', 'SI Rapor SDIT Hidayatullah', '', 'VI/2016-2017', 'SI Rapor SDIT Hidayatullah', '2017-02-17', '2017-06-20', '2017-02-10', 'Selesai', 'Baru'),
(93, 93, 'G1A014007', '198112222008011011', 'SI Layanan Sengketa Tanah & Permasalahan Tanah BPN Kota Bengkulu', '', 'VI/2016-2017', 'SI Layanan Sengketa Tanah & Permasalahan Tanah BPN Kota Bengkulu', '2017-02-17', '2017-06-20', '2017-02-10', 'Selesai', 'Baru'),
(94, 94, 'G1A014008', '195803051986031007', 'SI Layanan Sengketa Tanah & Permasalahan Tanah BPN Kota Bengkulu', '', 'VI/2016-2017', 'SI Layanan Sengketa Tanah & Permasalahan Tanah BPN Kota Bengkulu', '2017-02-17', '2017-06-20', '2017-02-10', 'Selesai', 'Baru'),
(95, 95, 'G1A014009', '198205172008121004', 'SI Arsip Dokumen & Surat Dinas LHK Prov. Bengkulu', '', 'VI/2016-2017', 'SI Arsip Dokumen & Surat Dinas LHK Prov. Bengkulu', '2017-02-17', '2017-06-20', '2017-02-10', 'Selesai', 'Baru'),
(96, 96, 'G1A014010', '197812072005012001', 'SI Inventaris SMPIT Generasi Rabbani', '', 'VI/2016-2017', 'SI Inventaris SMPIT Generasi Rabbani', '2017-02-17', '2017-06-20', '2017-02-10', 'Selesai', 'Baru'),
(97, 97, 'G1A014011', '198909032015041004', 'SI Cuti Pegawai', '', 'VI/2016-2017', 'SI Cuti Pegawai', '2017-02-17', '2017-06-20', '2017-02-10', 'Selesai', 'Baru'),
(98, 98, 'G1A014012', '197812072005012001', 'Web Profil & Pencatatan Amalan Yaumiyah SMPIT Generasi Rabbani', '', 'VI/2016-2017', 'Web Profil & Pencatatan Amalan Yaumiyah SMPIT Generasi Rabbani', '2017-02-17', '2017-06-20', '2017-02-10', 'Selesai', 'Baru'),
(99, 99, 'G1A014013', '198901182015042004', 'Sistem Informasi Flora dan Fauna BKSDA Bengkulu', '', 'VI/2016-2017', 'Sistem Informasi Flora dan Fauna BKSDA Bengkulu', '2017-02-17', '2017-06-20', '2017-02-10', 'Selesai', 'Baru'),
(100, 100, 'G1A014014', '198901182015042004', 'SI Penanggulangan Bencana Daerah Bengkulu', '', 'VI/2016-2017', 'SI Penanggulangan Bencana Daerah Bengkulu', '2017-02-17', '2017-06-20', '2017-02-10', 'Selesai', 'Baru'),
(101, 101, 'G1A014015', '198909032015041004', 'Media Pembelajaran Operasi Hitung Bilangan Bulat', '', 'VI/2016-2017', 'Media Pembelajaran Operasi Hitung Bilangan Bulat', '2017-02-17', '2017-06-20', '2017-02-10', 'Selesai', 'Baru'),
(102, 102, 'G1A014018', '197812072005012001', 'SI Manajemen Kepegawaian ', '', 'VI/2016-2017', 'SI Manajemen Kepegawaian ', '2017-02-17', '2017-06-20', '2017-02-10', 'Selesai', 'Baru'),
(103, 103, 'G1A014020', '198205172008121004', 'SI Manajemen Kepegawaian Dinas LHK Prov. Bengkulu', '', 'VI/2016-2017', 'SI Manajemen Kepegawaian Dinas LHK Prov. Bengkulu', '2017-02-17', '2017-06-20', '2017-02-10', 'Selesai', 'Baru'),
(104, 104, 'G1A014024', '197308142006042001', 'SI Penghitungan Tata Tertib Poin Siswa SMAN 5', '', 'VI/2016-2017', 'SI Penghitungan Tata Tertib Poin Siswa SMAN 5', '2017-02-17', '2017-06-20', '2017-02-10', 'Selesai', 'Baru'),
(105, 105, 'G1A014028', '198701272012122001', 'SI Manajemen Lab & Skripsi TE FT', '', 'VI/2016-2017', 'SI Manajemen Lab & Skripsi TE FT', '2017-02-17', '2017-06-20', '2017-02-10', 'Selesai', 'Baru'),
(106, 106, 'G1A014031', '198901182015042004', 'SI Sim Supervisi Pemeriksaan', '', 'VI/2016-2017', 'SI Sim Supervisi Pemeriksaan', '2017-02-17', '2017-06-20', '2017-02-10', 'Selesai', 'Baru'),
(107, 107, 'G1A014034', '197610052005012002', 'Inventaris Konakito', '', 'VI/2016-2017', 'Inventaris Konakito', '2017-02-17', '2017-06-20', '2017-02-10', 'Selesai', 'Baru'),
(108, 108, 'G1A014036', '195904241986021002', 'SI Kearsipan FT', '', 'VI/2016-2017', 'SI Kearsipan FT', '2017-02-17', '2017-06-20', '2017-02-10', 'Selesai', 'Baru'),
(109, 109, 'G1A014038', '198701272012122001', 'Web. Profil TM UNIB', '', 'VI/2016-2017', 'Web. Profil TM UNIB', '2017-02-17', '2017-06-20', '2017-02-10', 'Selesai', 'Baru'),
(110, 110, 'G1A014040', '197308142006042001', 'SI Manajemen Lab. Sekolah', '', 'VI/2016-2017', 'SI Manajemen Lab. Sekolah', '2017-02-17', '2017-06-20', '2017-02-10', 'Selesai', 'Baru'),
(111, 111, 'G1A014041', '198205172008121004', 'SI Absensi Kepegawaian Dinas LHK Prov. Bengkulu', '', 'VI/2016-2017', 'SI Absensi Kepegawaian Dinas LHK Prov. Bengkulu', '2017-02-17', '2017-06-20', '2017-02-10', 'Selesai', 'Baru'),
(112, 112, 'G1A014042', '198701272012122001', 'Web Profil Pascasarjana FKIP UNIB', '', 'VI/2016-2017', 'Web Profil Pascasarjana FKIP UNIB', '2017-02-17', '2017-06-20', '2017-02-10', 'Selesai', 'Baru'),
(113, 113, 'G1A014043', '198101122005011002', 'Media Pembelajaran Aktivitas Sehari-hari', '', 'VI/2016-2017', 'Media Pembelajaran Aktivitas Sehari-hari', '2017-02-17', '2017-06-20', '2017-02-10', 'Selesai', 'Baru'),
(114, 114, 'G1A014045', '198101122005011002', 'SI Inventarisasi', '', 'VI/2016-2017', 'SI Inventarisasi', '2017-02-17', '2017-06-20', '2017-02-10', 'Selesai', 'Baru'),
(115, 115, 'G1A014046', '195803051986031007', 'SI Penjualan Guna Menunjang Praktikum Sistem Informasi Manajemen Jurusan SOSEK FP', '', 'VI/2016-2017', 'SI Penjualan Guna Menunjang Praktikum Sistem Informasi Manajemen Jurusan SOSEK FP', '2017-02-17', '2017-06-20', '2017-02-10', 'Selesai', 'Baru'),
(116, 116, 'G1A014047', '197308142006042001', 'SI Beban Kinerja Dosen', '', 'VI/2016-2017', 'SI Beban Kinerja Dosen', '2017-02-17', '2017-06-20', '2017-02-10', 'Selesai', 'Baru'),
(117, 117, 'G1A014049', '195904241986021002', 'SI Inventaris FT', '', 'VI/2016-2017', 'SI Inventaris FT', '2017-02-17', '2017-06-20', '2017-02-10', 'Selesai', 'Baru'),
(118, 118, 'G1A015001', '198906232018031001', 'SI ALUMNI', '', 'VI/2017-2018', 'SI ALUMNI', '2018-02-17', '2018-06-20', '2018-02-10', 'Selesai', 'Baru'),
(119, 119, 'G1A015002', '198701272012122001', 'SI PENJADWALAN PEMBERANGKATAN JAMAAH HAJI', '', 'VI/2017-2018', 'SI PENJADWALAN PEMBERANGKATAN JAMAAH HAJI', '2018-02-17', '2018-06-20', '2018-02-10', 'Selesai', 'Baru'),
(120, 120, 'G1A015003', '199010182020122012', 'SI PENSIUN OTOMATIS', '', 'VI/2017-2018', 'SI PENSIUN OTOMATIS', '2018-02-17', '2018-06-20', '2018-02-10', 'Selesai', 'Baru'),
(121, 121, 'G1A015004', '195803051986031007', 'SI PENGOLAHAN DATA ZAKAT ', '', 'VI/2017-2018', 'SI PENGOLAHAN DATA ZAKAT ', '2018-02-17', '2018-06-20', '2018-02-10', 'Selesai', 'Baru'),
(122, 122, 'G1A015007', '198310302009031002', 'WEBSITE PROFILE', '', 'VI/2017-2018', 'WEBSITE PROFILE', '2018-02-17', '2018-06-20', '2018-02-10', 'Selesai', 'Baru'),
(123, 123, 'G1A015008', '195803051986031007', 'SI E-MUSEUM ', '', 'VI/2017-2018', 'SI E-MUSEUM ', '2018-02-17', '2018-06-20', '2018-02-10', 'Selesai', 'Baru'),
(124, 124, 'G1A015009', '195904241986021002', 'SI LAYANAN BEASISWA', '', 'VI/2017-2018', 'SI LAYANAN BEASISWA', '2018-02-17', '2018-06-20', '2018-02-10', 'Selesai', 'Baru'),
(125, 125, 'G1A015011', '199010182020122012', 'SI TAMBAHAN PENGHASILAN PEGAWAI', '', 'VI/2017-2018', 'SI TAMBAHAN PENGHASILAN PEGAWAI', '2018-02-17', '2018-06-20', '2018-02-10', 'Selesai', 'Baru'),
(126, 126, 'G1A015012', '195803051986031007', 'SI ALUMNI', '', 'VI/2017-2018', 'SI ALUMNI', '2018-02-17', '2018-06-20', '2018-02-10', 'Selesai', 'Baru'),
(127, 127, 'G1A015013', '195803051986031007', 'SI DATA HUBUNGAN KERJA SAMA LEMBAGA & PERGURUAN TINGGI ', '', 'VI/2017-2018', 'SI DATA HUBUNGAN KERJA SAMA LEMBAGA & PERGURUAN TINGGI ', '2018-02-17', '2018-06-20', '2018-02-10', 'Selesai', 'Baru'),
(128, 128, 'G1A015016', '195803051986031007', 'SI PENDATAAN IBADAH UMROH', '', 'VI/2017-2018', 'SI PENDATAAN IBADAH UMROH', '2018-02-17', '2018-06-20', '2018-02-10', 'Selesai', 'Baru'),
(129, 129, 'G1A015019', '198101122005011002', 'SI INVENTARIS LABORATORIUM', '', 'VI/2017-2018', 'SI INVENTARIS LABORATORIUM', '2018-02-17', '2018-06-20', '2018-02-10', 'Selesai', 'Baru'),
(130, 130, 'G1A015020', '195904241986021002', 'SI ARSIP DATA ALUMNI', '', 'VI/2017-2018', 'SI ARSIP DATA ALUMNI', '2018-02-17', '2018-06-20', '2018-02-10', 'Selesai', 'Baru'),
(131, 131, 'G1A015021', '199010182020122012', 'SI KENAIKAN GAJI BERKALA OTOMATIS', '', 'VI/2017-2018', 'SI KENAIKAN GAJI BERKALA OTOMATIS', '2018-02-17', '2018-06-20', '2018-02-10', 'Selesai', 'Baru'),
(132, 132, 'G1A015022', '195803051986031007', 'SI DISTRIBUSI BARANG', '', 'VI/2017-2018', 'SI DISTRIBUSI BARANG', '2018-02-17', '2018-06-20', '2018-02-10', 'Selesai', 'Baru'),
(133, 133, 'G1A015023', '198906232018031001', 'SI MONITORING PRESTASI SISWA', '', 'VI/2017-2018', 'SI MONITORING PRESTASI SISWA', '2018-02-17', '2018-06-20', '2018-02-10', 'Selesai', 'Baru'),
(134, 134, 'G1A015024', '195904241986021002', 'SI INVENTARIS BARANG', '', 'VI/2017-2018', 'SI INVENTARIS BARANG', '2018-02-17', '2018-06-20', '2018-02-10', 'Selesai', 'Baru'),
(135, 135, 'G1A015025', '198310302009031002', 'SI KOPERASI SIMPAN PINJAM', '', 'VI/2017-2018', 'SI KOPERASI SIMPAN PINJAM', '2018-02-17', '2018-06-20', '2018-02-10', 'Selesai', 'Baru'),
(136, 136, 'G1A015026', '195803051986031007', 'SI PT. CIPTA WAHANA KONSULTAN', '', 'VI/2017-2018', 'SI PT. CIPTA WAHANA KONSULTAN', '2018-02-17', '2018-06-20', '2018-02-10', 'Selesai', 'Baru'),
(137, 137, 'G1A015027', '198310302009031002', 'SI INVENTARIS LABORATORIUM', '', 'VI/2017-2018', 'SI INVENTARIS LABORATORIUM', '2018-02-17', '2018-06-20', '2018-02-10', 'Selesai', 'Baru'),
(138, 138, 'G1A015028', '198909032015041004', 'SI PERJALANAN DINAS', '', 'VI/2017-2018', 'SI PERJALANAN DINAS', '2018-02-17', '2018-06-20', '2018-02-10', 'Selesai', 'Baru'),
(139, 139, 'G1A015030', '198205172008121004', 'SI PENGAMATAN UDARA ATAS', '', 'VI/2017-2018', 'SI PENGAMATAN UDARA ATAS', '2018-02-17', '2018-06-20', '2018-02-10', 'Selesai', 'Baru'),
(140, 140, 'G1A015032', '198205172008121004', 'SI KEARSIPAN ', '', 'VI/2017-2018', 'SI KEARSIPAN ', '2018-02-17', '2018-06-20', '2018-02-10', 'Selesai', 'Baru'),
(141, 141, 'G1A015033', '198909032015041004', 'SIM CUTI PEGAWAI ', '', 'VI/2017-2018', 'SIM CUTI PEGAWAI ', '2018-02-17', '2018-06-20', '2018-02-10', 'Selesai', 'Baru'),
(142, 142, 'G1A015035', '198701272012122001', 'SI PASIEN PUSKESMAS ', '', 'VI/2017-2018', 'SI PASIEN PUSKESMAS ', '2018-02-17', '2018-06-20', '2018-02-10', 'Selesai', 'Baru'),
(143, 143, 'G1A015036', '198701272012122001', 'SI PENILAIAN HASIL BELAJAR SISWA', '', 'VI/2017-2018', 'SI PENILAIAN HASIL BELAJAR SISWA', '2018-02-17', '2018-06-20', '2018-02-10', 'Selesai', 'Baru'),
(144, 144, 'G1A015039', '197308142006042001', 'SI PERPUSTAKAAN ', '', 'VI/2017-2018', 'SI PERPUSTAKAAN ', '2018-02-17', '2018-06-20', '2018-02-10', 'Selesai', 'Baru'),
(145, 145, 'G1A015042', '198701272012122001', 'SI PENDAFTARAN ASRAMA PUTRI ORCHID', '', 'VI/2017-2018', 'SI PENDAFTARAN ASRAMA PUTRI ORCHID', '2018-02-17', '2018-06-20', '2018-02-10', 'Selesai', 'Baru'),
(146, 146, 'G1A015044', '198101122005011002', 'SIM INVENTARISASI BARANG DINAS  ', '', 'VI/2017-2018', 'SIM INVENTARISASI BARANG DINAS  ', '2018-02-17', '2018-06-20', '2018-02-10', 'Selesai', 'Baru'),
(147, 147, 'G1A015046', '198112222008011011', 'SI ARSIP SURAT', '', 'VI/2017-2018', 'SI ARSIP SURAT', '2018-02-17', '2018-06-20', '2018-02-10', 'Selesai', 'Baru'),
(148, 148, 'G1A015052', '195803051986031007', 'WEBSITE DINAS ', '', 'VI/2017-2018', 'WEBSITE DINAS ', '2018-02-17', '2018-06-20', '2018-02-10', 'Selesai', 'Baru'),
(149, 149, 'G1A015054', '198906232018031001', 'SIM LALU LINTAS ANGKUTAN JALAN', '', 'VI/2017-2018', 'SIM LALU LINTAS ANGKUTAN JALAN', '2018-02-17', '2018-06-20', '2018-02-10', 'Selesai', 'Baru'),
(150, 150, 'G1A015056', '195803051986031007', 'SI E-LEARNING ', '', 'VI/2017-2018', 'SI E-LEARNING ', '2018-02-17', '2018-06-20', '2018-02-10', 'Selesai', 'Baru'),
(151, 151, 'G1A015057', '197308142006042001', 'SI SASARAN KERJA PEGAWAI DOSEN', '', 'VI/2017-2018', 'SI SASARAN KERJA PEGAWAI DOSEN', '2018-02-17', '2018-06-20', '2018-02-10', 'Selesai', 'Baru'),
(152, 152, 'G1A015058', '197308142006042001', 'SI ARSIP SURAT', '', 'VI/2017-2018', 'SI ARSIP SURAT', '2018-02-17', '2018-06-20', '2018-02-10', 'Selesai', 'Baru'),
(153, 153, 'G1A015061', '198906232018031001', 'SI PERPUSTAKAAN ', '', 'VI/2017-2018', 'SI PERPUSTAKAAN ', '2018-02-17', '2018-06-20', '2018-02-10', 'Selesai', 'Baru'),
(154, 154, 'G1A015062', '198901182015042004', 'SI DATA PEGAWAI ', '', 'VI/2017-2018', 'SI DATA PEGAWAI ', '2018-02-17', '2018-06-20', '2018-02-10', 'Selesai', 'Baru'),
(155, 155, 'G1A015063', '198310302009031002', 'WEB PROFIL', '', 'VI/2017-2018', 'WEB PROFIL', '2018-02-17', '2018-06-20', '2018-02-10', 'Selesai', 'Baru'),
(156, 156, 'G1A015064', '198909032015041004', 'SI PENGARSIPAN SURAT MASUK-KELUAR', '', 'VI/2017-2018', 'SI PENGARSIPAN SURAT MASUK-KELUAR', '2018-02-17', '2018-06-20', '2018-02-10', 'Selesai', 'Baru'),
(157, 157, 'G1A015065', '198205172008121004', 'SI BEBAN KERJA DOSEN', '', 'VI/2017-2018', 'SI BEBAN KERJA DOSEN', '2018-02-17', '2018-06-20', '2018-02-10', 'Selesai', 'Baru'),
(158, 158, 'G1A015068', '198701272012122001', 'SI PENDAFTARAN & PENDATAAN SISWA', '', 'VI/2017-2018', 'SI PENDAFTARAN & PENDATAAN SISWA', '2018-02-17', '2018-06-20', '2018-02-10', 'Selesai', 'Baru'),
(159, 159, 'G1A015069', '198112222008011011', 'SI E-NASKAH DINAS', '', 'VI/2017-2018', 'SI E-NASKAH DINAS', '2018-02-17', '2018-06-20', '2018-02-10', 'Selesai', 'Baru'),
(160, 160, 'G1A015070', '195904241986021002', 'SI LAPORAN KEGIATAN BYULANAN', '', 'VI/2017-2018', 'SI LAPORAN KEGIATAN BYULANAN', '2018-02-17', '2018-06-20', '2018-02-10', 'Selesai', 'Baru'),
(161, 161, 'G1A015073', '198112222008011011', 'WEBSITE PROFILE', '', 'VI/2017-2018', 'WEBSITE PROFILE', '2018-02-17', '2018-06-20', '2018-02-10', 'Selesai', 'Baru'),
(162, 162, 'G1A015076', '198205172008121004', 'SI PENGARSIPAN PENERIMAAN PESERTA DIDIK BARU ', '', 'VI/2017-2018', 'SI PENGARSIPAN PENERIMAAN PESERTA DIDIK BARU ', '2018-02-17', '2018-06-20', '2018-02-10', 'Selesai', 'Baru'),
(163, 163, 'G1A015078', '198909032015041004', 'SI PENILAIAN KINERJA PEGAWAI HONORER ', '', 'VI/2017-2018', 'SI PENILAIAN KINERJA PEGAWAI HONORER ', '2018-02-17', '2018-06-20', '2018-02-10', 'Selesai', 'Baru'),
(164, 164, 'G1A015079', '198310302009031002', 'SISTEM PENDAFTARAN SISWA BARU', '', 'VI/2017-2018', 'SISTEM PENDAFTARAN SISWA BARU', '2018-02-17', '2018-06-20', '2018-02-10', 'Selesai', 'Baru'),
(165, 165, 'G1A015080', '195803051986031007', 'SI PENDAFTARAN ONLINE MAHASISWA BARU', '', 'VI/2017-2018', 'SI PENDAFTARAN ONLINE MAHASISWA BARU', '2018-02-17', '2018-06-20', '2018-02-10', 'Selesai', 'Baru'),
(166, 166, 'G1A015082', '195803051986031007', 'SI ALUMNI', '', 'VI/2017-2018', 'SI ALUMNI', '2018-02-17', '2018-06-20', '2018-02-10', 'Selesai', 'Baru'),
(167, 167, 'G1A015085', '195904241986021002', 'SISTEM UJIAN BERBASIS CBT', '', 'VI/2017-2018', 'SISTEM UJIAN BERBASIS CBT', '2018-02-17', '2018-06-20', '2018-02-10', 'Selesai', 'Baru'),
(168, 168, 'G1A015086', '198205172008121004', 'SI PEMBUATAN KARTU UJIAN SEKOLAH', '', 'VI/2017-2018', 'SI PEMBUATAN KARTU UJIAN SEKOLAH', '2018-02-17', '2018-06-20', '2018-02-10', 'Selesai', 'Baru'),
(169, 169, 'G1A015037', '198701272012122001', 'Sistem Informasi Kehadiran Pegawai Menggunakan Kode QR', '', 'VI/2018-2019', 'Sistem Informasi Kehadiran Pegawai merupakan sistem informasi yang memudahkan dalam mendata kehadiran pegawai. Sistem ini mempunyai dua platform yaitu web(Laravel) dan Android. ', '2019-02-17', '2019-06-20', '2019-02-10', 'Selesai', 'Mengulang'),
(170, 170, 'G1A015040', '198906232018031001', 'Sistem Informasi DMI Bengkulu', '', 'VI/2018-2019', 'Sistem Informasi profil Dewan Masjid Indonesia adalah sistem berbasis website yang digunakan oleh dewan masjid indonesia (DMI) Kota Bengkulu sebagai sarana publikasi dan penyimpanan data masjid dan mushola di Kota Bengkulu. Sistem dirancang untuk menampilkan profil organisasi DMI, informasi masjid dan mushola, serta kumpulan khutbah dan berita tentang DMI. informasi masjid berupa data terkait masjid dan peta lokasi menggunakan google maps. kumpulan khutbah dan berita dibuat sebagai sarana syiar DMI sehingga dapat diakses secara daring dan dapat juga diunduh dalam bentuk pdf. ', '2019-02-17', '2019-06-20', '2019-02-10', 'Selesai', 'Mengulang'),
(171, 171, 'G1A015047', '198101122005011002', 'Sistem Informasi Inventaris Barang Lab. Pembelajaran', '', 'VI/2018-2019', 'sistem informasi inventaris laboratorium merupakan sebuah sistem informasi yang mengolah data persediaan barang berbasis web. tujuan dibuatnya sistem ini adalah untuk memudahkan staff dari Program Studi Pendidikan Non Formal Fakultas KIP Universitas Bengkulu dalam memonitoring persedian barang dan melakukan pencarian data barang.', '2019-02-17', '2019-06-20', '2019-02-10', 'Selesai', 'Mengulang'),
(172, 172, 'G1A015055', '198101122005011002', 'SISTEM INFORMASI MANAJEMEN SKRIPSI PROGRAM STUDI PENDIDIKAN NONFORMAL', '', 'VI/2018-2019', 'Sistem ini dibuat untuk memanajemen mahasiswa Pendidikan Non Formal Fakultas KIP Universitas Bengkulu dalam menyelesaikan skripsinya. Sistem ini nantinya akan memberikan keluaran mulai dari pengesahan judul skripsi hingga pemberian nilai akhir. Pada sistem ini setiap mahasiswa yang nantinya akan mendaftar skripsi dapat melanjutkan judulnya yang telah disetujui. Kemudian barulah berlanjut ke tahap selanjutnya dengan diberikannya dosen pembimbing. Selain itu mahasiswa juga dapat mendaftar seminar dan sekaligus melihat kapan jadwal seminar. Sistem ini juga berguna untuk dosen dalam memberikan nilainya kepada mahasiswa yang bersangkutan.', '2019-02-17', '2019-06-20', '2019-02-10', 'Selesai', 'Mengulang'),
(173, 173, 'G1A015067', '198112222008011011', 'Sistem Informasi Alumni Prodi Pendidikan NonFormal Universitas Bengkulu', '', 'VI/2018-2019', 'Sistem Informasi ini dirancang untuk pendataan Alumni dari Prodi Pendidikan Non Formal Universitas Bengkulu, yaitu berupa penstatistikan, profil dan data alumni, dimana pendataan selama ini dilakukan secara manual yang membuat operator kesulitan mencari data dari alumni Prodi Pendidikan Non Formal Univeristas Bengkulu.', '2019-02-17', '2019-06-20', '2019-02-10', 'Selesai', 'Mengulang'),
(174, 174, 'G1A015072', '195904241986021002', 'Sistem Administrasi Perpustakaan ', '', 'VI/2018-2019', 'Sistem Administrasi Perpustakaan ', '2019-02-17', '2019-06-20', '2019-02-10', 'Selesai', 'Mengulang'),
(175, 175, 'G1A015081', '199010182020122012', 'Sistem Informasi Alumni ', '', 'VI/2018-2019', 'Sistem Informasi Alumni ini dibuat untuk mengelola data Alumni SMAN 6 Kota Bengkulu supaya terarsip secara digital. Dimana di SMAN 6 Kota Bengkulu pendataan alumni masih manual sehingga kemungkinan hilang yang akan memperlambat pencarian data alumni. oleh karena itu Sistem Alumni ini dibuat untuk menghasilkan Informasi yang cepat dan akurat.', '2019-02-17', '2019-06-20', '2019-02-10', 'Selesai', 'Mengulang'),
(176, 176, 'G1A016001', '198112222008011011', 'SISTEM INFORMASI MANAJEMEN PEMBAYARAN SPP dI SMAN 1 BENGKULU TENGAH BERBASIS WEB', '', 'VI/2018-2019', 'Ssistem Informais Manajemen Pembayaran SPP adalah sistem informasi yang dirancang untuk memudahkan pihak Tata Usaha dalam melakukan pendataan siswa dan memanajemen pembayaran SPP siswa secara online.', '2019-02-17', '2019-06-20', '2019-02-10', 'Selesai', 'Mengulang'),
(177, 177, 'G1A016003', '198310302009031002', 'SISTEM INFORMASI PEMBUATAN KARTU UJIAN SEKOLAH ', '', 'VI/2018-2019', 'sistem informasi pembuatan kartu ujian sekolah ini dirancang untuk melakukan pembuatan kartu peserta ujian s=di SMA Negeri 6 Bengkulu. yang mana, pihak tata usaha dan bendahara saling berkoordinasi. untuk dapat mencetak kartu ujian, dilakukan oleh pihak bendahara melalui halaman admin, yang mana admin sendiri dari pihak bendahara, agar pihak tata usaha dapat melakukan pencetakan kartu ujian siswa pada halaman tata usaha.', '2019-02-17', '2019-06-20', '2019-02-10', 'Selesai', 'Mengulang'),
(178, 178, 'G1A016009', '198112222008011011', 'Sistem Informasi Manajemen Data Penelitian UPP FKIP Universitas Bengkulu', '', 'VI/2018-2019', 'Sistem Informasi Manajemen Data Penelitian UPP FKIP Universitas Bengkulu', '2019-02-17', '2019-06-20', '2019-02-10', 'Selesai', 'Mengulang'),
(179, 179, 'G1A016018', '198310302009031002', 'Sistem Informasi Perpustakaan', '', 'VI/2018-2019', 'Sistem Informasi Perpustakaan adalah sistem informasi yang dirancang untuk menangani pengelolaan data buku meliputi transaksi peminjaman buku, transaksi pengembalian buku, denda buku, laporan data pengembalian atau peminjaman buku, laporan pengunjung perpustakaan, katalog buku. Sistem Informasi perpustakaan diharapkan dapata membantu proses pengelolaan perpustakaan di SMA N 8 Kota Bengkulu.', '2019-02-17', '2019-06-20', '2019-02-10', 'Selesai', 'Mengulang'),
(180, 180, 'G1A016022', '198101122005011002', 'Sistem Informasi Pengolahan Skripsi di Prodi Fisika Jurusan Fisika Fakultas MIPA Universitas Bengkulu', '', 'VI/2018-2019', 'Sistem Informasi Pengolahan Skripsi di Prodi Fisika Jurusan Fisika Fakultas MIPA Universitas Bengkulu', '2019-02-17', '2019-06-20', '2019-02-10', 'Selesai', 'Mengulang'),
(181, 181, 'G1A016024', '199201312019031010', 'SI PENGELOLAAN DATA SISWA SD NEGERI 66 KOTA BENGKULU', '', 'VI/2018-2019', 'sistem informasi pengelolaan data siswa baru merupakan sistem informasi yang dikembangkan untuk membantu meringankan kinerja staff dalam pendataan siswa baru yang ada di sekolah dasar negeri 66 kota bengkulu.', '2019-02-17', '2019-06-20', '2019-02-10', 'Selesai', 'Mengulang'),
(182, 182, 'G1A016027', '195803051986031007', 'SISTEM INFORMASI PERPUSTAKAAN SMKN 07 KOTA BENGKULU', '', 'VI/2018-2019', 'Sistem Informasi Perpustakaan adalah sistem informasi yang dirancang sebagai solusi untuk menangani berbagai hal seperti pendataan buku, peminjaman, pengembalian, denda serta pencarian buku pada perpustakaan SMK N 7 Kota Bengkulu', '2019-02-17', '2019-06-20', '2019-02-10', 'Selesai', 'Mengulang'),
(183, 183, 'G1A016030', '199201312019031010', 'Sistem Informasi Manajemen Poin Pelanggaran Siswa MAN 1 Kota Bengkulu', '', 'VI/2018-2019', 'SI Manajemen Poin Pelanggaran adalah sistem informasi yang dibuat untuk mencatat pelanggaran yang dilakukan oleh siswa dan memberi tindak lanjut terhadap siswa yang bersangkutan', '2019-02-17', '2019-06-20', '2019-02-10', 'Selesai', 'Mengulang'),
(184, 184, 'G1A016041', '198112222008011011', 'Sistem Informasi Jurnal harian Guru SMAN 1 Bengkulu Tengah berbasis WEB', '', 'VI/2018-2019', 'Sistem Informasi Jurnal harian Guru SMAN 1 Bengkulu Tengah berbasis WEB', '2019-02-17', '2019-06-20', '2019-02-10', 'Selesai', 'Mengulang'),
(185, 185, 'G1A016046', '198502042008122002', 'SISTEM INFORMASI MANAJEMEN GUDANG OBAT UPTD PUSKESMAS BASUKI RAHMAD BENGKULU', '', 'VI/2018-2019', 'SISTEM INFORMASI MANAJEMEN GUDANG OBAT UPTD PUSKESMAS BASUKI RAHMAD BENGKULU', '2019-02-17', '2019-06-20', '2019-02-10', 'Selesai', 'Mengulang'),
(186, 186, 'G1A016055', '199201312019031010', 'SISTEM INFORMASI PERPUSTAKAAN MAN 1 KOTA BENGKULU', '', 'VI/2018-2019', 'SI Perpustakaan adalah sistem informasi yang dikembangkan untuk memudahkan dalam pelayanan serta memudahkan petugas perpustakaan dalam mengelola perpustakaan. petugas perpustakaan dapat selalu memonitor tentang ketersediaan buku, daftar buku baru, peminjaman buku dan pengembalian buku.', '2019-02-17', '2019-06-20', '2019-02-10', 'Selesai', 'Mengulang'),
(187, 187, 'G1A016066', '199010182020122012', 'SISTEM ANJUNGAN INFORMASI MANDIRI WISATA DINAS PARIWISATA PROVINSI BENGKULU', '', 'VI/2018-2019', 'Sistem Informasi Anjunghan Mandiri Wisata adalah sistem informasi yang dirancang dalam bentuk aplikasi android yang akan digunakan pada anjungan informasi KiosK yang akan diterapkan di Bandara Fatmawati Bengkulu oleh Dinas Pariwisata Provinsi Bengkulu sebagai solusi untuk mempromosikan pariwisata di Provinsi Bengkulu. Dengan berbagai fitur  menarik yang lebih fashionable dalam mempromosikan wisata, tidak hanya itu dalam aplikasi ini juga terdapat data perhotelan dan kuliner di lokasi wisata.', '2019-02-17', '2019-06-20', '2019-02-10', 'Selesai', 'Mengulang'),
(188, 188, 'G1A016080', '198101122005011002', 'Sistem Informasi Arsip Surat Keputusan Program Studi Teknik Informatika Universitas Bengkulu', '', 'VI/2018-2019', 'Sistem Informasi Arsip Surat Keputusan Program Studi Teknik Informatika Universitas Bengkulu', '2019-02-17', '2019-06-20', '2019-02-10', 'Selesai', 'Mengulang'),
(189, 189, 'G1A016086', '195803051986031007', 'Sistem Informasi Perpustakaan Sekolah Alam Bengkulu Mahira', '', 'VI/2018-2019', 'Sistem Informasi MEdia Perpustakaan adalah sistem informasi yang dikembangkan untuk memudahkan dalam pelayanan serta memudahkan petugas perpustakaan dalam mengelola perpustakaan. Petugas perpustakaan dapat selalu memonitor tentang ketersediaan buku, daftar buku baru, peminjaman buku dan pengembalian buku.', '2019-02-17', '2019-06-20', '2019-02-10', 'Selesai', 'Mengulang'),
(190, 190, 'G1A015045', '198502042008122002', 'Sistem informasi perpustakaan', 'Defri Mariesta S.Pd', 'VI/2019-2020', 'Sistem informasi perpustakaan', '2020-02-17', '2020-06-20', '2020-02-10', 'Selesai', 'Mengulang'),
(191, 191, 'G1A016005', '199201042019031015', 'SISTEM INFORMASI PENDAFTARAN SKRIPSI PRODI PGSD FAKULTAS FKIP UNIVERSITAS BENGKULU', '', 'VI/2019-2020', 'SISTEM INFORMASI PENDAFTARAN SKRIPSI PRODI PGSD FAKULTAS FKIP UNIVERSITAS BENGKULU', '2020-02-17', '2020-06-20', '2020-02-10', 'Selesai', 'Mengulang'),
(192, 192, 'G1A016037', '195803051986031007', 'Sistem informasi laporan keuangan bumdes karya mulya', 'PANUT SETIONO S.pd.M.pd', 'VI/2019-2020', 'Sistem informasi laporan keuangan bumdes karya mulya', '2020-02-17', '2020-06-20', '2020-02-10', 'Selesai', 'Mengulang'),
(193, 193, 'G1A016047', '195904241986021002', 'SISTEM INFORMASI REPOSITORY SKRIPSI PRODI PENDIDIKAN NON FORMAL FAKULTAS KEGURUAN DAN ILMU PENDIDIKAN UNIVERSITAS BENGKULU ', 'DRS. SOFINO, M.PD', 'VI/2019-2020', 'SISTEM INFORMASI REPOSITORY SKRIPSI PRODI PENDIDIKAN NON FORMAL FAKULTAS KEGURUAN DAN ILMU PENDIDIKAN UNIVERSITAS BENGKULU ', '2020-02-17', '2020-06-20', '2020-02-10', 'Selesai', 'Mengulang'),
(194, 194, 'G1A016061', '198906232018031001', 'Sistem Informasi Penggajian Pegawai ', 'Ahmad Zulfikar, S.E., M.M.', 'VI/2019-2020', 'Sistem Informasi Penggajian Pegawai ', '2020-02-17', '2020-06-20', '2020-02-10', 'Selesai', 'Baru'),
(195, 195, 'G1A016074', '199007092019032025', 'SISTEM INFORMASI PENERIMAAN SISWA SEKOLAH DASAR NEGERI 32 KOTA BENGKULU', 'Ismini Asih', 'VI/2019-2020', 'SISTEM INFORMASI PENERIMAAN SISWA SEKOLAH DASAR NEGERI 32 KOTA BENGKULU', '2020-02-17', '2020-06-20', '2020-02-10', 'Selesai', 'Baru'),
(196, 196, 'G1A016084', '198205172008121004', 'SISTEM KEPEGAWAIAN', 'LEO AGUSTIAN', 'VI/2019-2020', 'SISTEM KEPEGAWAIAN', '2020-02-17', '2020-06-20', '2020-02-10', 'Selesai', 'Mengulang'),
(197, 197, 'G1A017001', '198909032015041004', 'SISTEM INFORMASI MANAJEMEN KEUANGAN JURUSAN KEPERAWATAN POLTEKKES KEMENKES BENGKULU', 'Ns. Mike Rositarini, S.Kep.', 'VI/2019-2020', 'SISTEM INFORMASI MANAJEMEN KEUANGAN JURUSAN KEPERAWATAN POLTEKKES KEMENKES BENGKULU', '2020-02-17', '2020-06-20', '2020-02-10', 'Selesai', 'Baru'),
(198, 198, 'G1A017002', '198101122005011002', 'APLIKASI E-LEARNING UNTUK JURUSAN TEKNIK AUDIO VIDEO DI SMKN 02 KOTA BENGKULU BERBASIS WEB ', 'WALIA S.Pd', 'VI/2019-2020', 'APLIKASI E-LEARNING UNTUK JURUSAN TEKNIK AUDIO VIDEO DI SMKN 02 KOTA BENGKULU BERBASIS WEB ', '2020-02-17', '2020-06-20', '2020-02-10', 'Selesai', 'Baru'),
(199, 199, 'G1A017003', '195803051986031007', 'Sistem informasi manajemen surat menyurat sekolah kuttab abu bakar', 'Asep Kamaludin,M.Pd.', 'VI/2019-2020', 'Sistem informasi manajemen surat menyurat sekolah kuttab abu bakar', '2020-02-17', '2020-06-20', '2020-02-10', 'Selesai', 'Baru'),
(200, 200, 'G1A017004', '198112222008011011', 'Sistem Informasi Inventaris Barang Museum Negeri Bengkulu', 'Dra. Karneli, M.Pd.', 'VI/2019-2020', 'Sistem Informasi Inventaris Barang Museum Negeri Bengkulu', '2020-02-17', '2020-06-20', '2020-02-10', 'Selesai', 'Baru'),
(201, 201, 'G1A017005', '198502042008122002', 'Sistem Informasi Manajemen Surat Masuk dan Surat Keluar SMKN 1 Kota Bengkulu', 'Lovi Triono, M.Pd', 'VI/2019-2020', 'Sistem Informasi Manajemen Surat Masuk dan Surat Keluar SMKN 1 Kota Bengkulu', '2020-02-17', '2020-06-20', '2020-02-10', 'Selesai', 'Baru'),
(202, 202, 'G1A017006', '195904241986021002', 'Sistem Informasi Data Pengunjung Museum Negeri Bengkulu', 'Dra. Karneli,  M.Pd.', 'VI/2019-2020', 'Sistem Informasi Data Pengunjung Museum Negeri Bengkulu', '2020-02-17', '2020-06-20', '2020-02-10', 'Selesai', 'Baru'),
(203, 203, 'G1A017007', '197812072005012001', 'SISTEM INFORMASI KEUANGAN SEKOLAH ALAM BENGKULU (SAB) MAHIRA', 'ELI PUSPITA', 'VI/2019-2020', 'SISTEM INFORMASI KEUANGAN SEKOLAH ALAM BENGKULU (SAB) MAHIRA', '2020-02-17', '2020-06-20', '2020-02-10', 'Selesai', 'Baru'),
(204, 204, 'G1A017008', '197308142006042001', 'Sistem Informasi Pengelolaan Arsip Surat Berbasis Web di Biro Sumber Daya Manusia Polda Bengkulu', 'Baiir Arzan, S.Sos.', 'VI/2019-2020', 'Sistem Informasi Pengelolaan Arsip Surat Berbasis Web di Biro Sumber Daya Manusia Polda Bengkulu', '2020-02-17', '2020-06-20', '2020-02-10', 'Selesai', 'Baru'),
(205, 205, 'G1A017010', '198205172008121004', 'SISTEM INFORMASI ABSENSI KEPEGAWAIAN  UNIVERISTAS BENGKULU  BERBASIS WEB', 'Jacky Sukmana S.Kom', 'VI/2019-2020', 'SISTEM INFORMASI ABSENSI KEPEGAWAIAN  UNIVERISTAS BENGKULU  BERBASIS WEB', '2020-02-17', '2020-06-20', '2020-02-10', 'Selesai', 'Baru'),
(206, 206, 'G1A017012', '198906232018031001', 'Sistem Informasi Distribusi Pupuk Indonesia PT. Perusahaan Perdagangan Indonesia', 'M. Jayadi, S.IP.', 'VI/2019-2020', 'Sistem Informasi Distribusi Pupuk Indonesia PT. Perusahaan Perdagangan Indonesia', '2020-02-17', '2020-06-20', '2020-02-10', 'Selesai', 'Baru'),
(207, 207, 'G1A017014', '199007092019032025', 'Sistem informasi inventaris smkn 2 kota bengkulu', 'Yose desman, spd', 'VI/2019-2020', 'Sistem informasi inventaris smkn 2 kota bengkulu', '2020-02-17', '2020-06-20', '2020-02-10', 'Selesai', 'Baru'),
(208, 208, 'G1A017017', '197812072005012001', 'Sistem informasi pelayanan laundry', 'Menti Rasmini', 'VI/2019-2020', 'Sistem informasi pelayanan laundry', '2020-02-17', '2020-06-20', '2020-02-10', 'Selesai', 'Baru'),
(209, 209, 'G1A017018', '199201042019031015', 'SISTEM INFORMASI PEMBAYARAN SPP PADA SMK NEGERI 2 KOTA BENGKULU BERBASIS WEB', 'HIKMANELY, S.SI,MM.M.MPD', 'VI/2019-2020', 'SISTEM INFORMASI PEMBAYARAN SPP PADA SMK NEGERI 2 KOTA BENGKULU BERBASIS WEB', '2020-02-17', '2020-06-20', '2020-02-10', 'Selesai', 'Baru'),
(210, 210, 'G1A017021', '198101122005011002', 'SISTEM INFORMASI MANAJEMEN GUDANG PT. PERUSAHAAN PERDAGANGAN INDONESIA CABANG BENGKULU BERBASIS ANDROID', 'M. JAYADI, S.IP', 'VI/2019-2020', 'SISTEM INFORMASI MANAJEMEN GUDANG PT. PERUSAHAAN PERDAGANGAN INDONESIA CABANG BENGKULU BERBASIS ANDROID', '2020-02-17', '2020-06-20', '2020-02-10', 'Selesai', 'Baru'),
(211, 211, 'G1A017022', '195803051986031007', 'Sistem Informasi Monitoring Surat Masuk dan Surat Keluar Bidang Umum Kepegaiwaian Kantor Camat Selebar Kota Bengkulu', 'Yenni Fetrianingsih S.E', 'VI/2019-2020', 'Sistem Informasi Monitoring Surat Masuk dan Surat Keluar Bidang Umum Kepegaiwaian Kantor Camat Selebar Kota Bengkulu', '2020-02-17', '2020-06-20', '2020-02-10', 'Selesai', 'Baru'),
(212, 212, 'G1A017024', '198502042008122002', 'SISTEM INFORMASI PENDAFTARAN SKRIPSI  JURUSAN S1 KIMIA ', 'Dr. Charles Banon, M.Si', 'VI/2019-2020', 'SISTEM INFORMASI PENDAFTARAN SKRIPSI  JURUSAN S1 KIMIA ', '2020-02-17', '2020-06-20', '2020-02-10', 'Selesai', 'Baru'),
(213, 213, 'G1A017025', '195904241986021002', 'SISTEM INFORMASI INVENTARIS DIVISI LOGISTIK PT. AL BADRIYAH WISATA BENGKULU BERBABSIS WEB', 'Sulianto Saputra S.Pd', 'VI/2019-2020', 'SISTEM INFORMASI INVENTARIS DIVISI LOGISTIK PT. AL BADRIYAH WISATA BENGKULU BERBABSIS WEB', '2020-02-17', '2020-06-20', '2020-02-10', 'Selesai', 'Baru'),
(214, 214, 'G1A017026', '197812072005012001', 'Sistem Informasi Surat Perintah Perjalanan Dinas', 'Hadi Pramono, B.Sc.', 'VI/2019-2020', 'Sistem Informasi Surat Perintah Perjalanan Dinas', '2020-02-17', '2020-06-20', '2020-02-10', 'Selesai', 'Baru'),
(215, 215, 'G1A017027', '197308142006042001', 'SISTEM INFORMASI RENCANA BISNIS PRODI SISTEM INFORMASI ', 'Aan Erlanshari, S.T., M.Eng', 'VI/2019-2020', 'SISTEM INFORMASI RENCANA BISNIS PRODI SISTEM INFORMASI ', '2020-02-17', '2020-06-20', '2020-02-10', 'Selesai', 'Baru'),
(216, 216, 'G1A017028', '198205172008121004', 'SISTEM INFORMASI PENGELOLAAN INVENTARIS BARANG DI SMAN 3 BENGKULU TENGAH', 'HAFEN MACAN, S.TP', 'VI/2019-2020', 'SISTEM INFORMASI PENGELOLAAN INVENTARIS BARANG DI SMAN 3 BENGKULU TENGAH', '2020-02-17', '2020-06-20', '2020-02-10', 'Selesai', 'Baru'),
(217, 217, 'G1A017030', '198906232018031001', 'SISTEM INFORMASI MANAJEMEN PROYEK PT. PERSADA BAKTI MANDIRI BENGKULU BERBASIS WEBSITE', 'HENTI YULIANI', 'VI/2019-2020', 'SISTEM INFORMASI MANAJEMEN PROYEK PT. PERSADA BAKTI MANDIRI BENGKULU BERBASIS WEBSITE', '2020-02-17', '2020-06-20', '2020-02-10', 'Selesai', 'Baru'),
(218, 218, 'G1A017031', '198411292008122000', 'SISTEM INFORMASI ARSIP BERKAS BAGIAN UMUM & INFORMASI BADAN PERTANAHAN NASIONAL PROVINSI BENGKULU', 'AYANTO HAKIM BASRI SH.MH', 'VI/2019-2020', 'SISTEM INFORMASI ARSIP BERKAS BAGIAN UMUM & INFORMASI BADAN PERTANAHAN NASIONAL PROVINSI BENGKULU', '2020-02-17', '2020-06-20', '2020-02-10', 'Selesai', 'Baru'),
(219, 219, 'G1A017032', '199007092019032025', 'APLIKASI MEDIA PEMBELAJARAN BAHASA INGGRIS YAYASAN INSAN ULUL ALBAAB KOTA BENGKULU BERBASIS DESKTOP', 'OKTARANI NURLESTARI, S.Kom.', 'VI/2019-2020', 'APLIKASI MEDIA PEMBELAJARAN BAHASA INGGRIS YAYASAN INSAN ULUL ALBAAB KOTA BENGKULU BERBASIS DESKTOP', '2020-02-17', '2020-06-20', '2020-02-10', 'Selesai', 'Baru'),
(220, 220, 'G1A017033', '199010182020122012', 'SISTEM INFORMASI MANAJEMEN BAHAN DAN ALAT LAB DI JURUSAN GIZI POLTEKKES KEMENKES BENGKULU', 'Ayu Pravita Sari, S.ST., M. Gizi', 'VI/2019-2020', 'SISTEM INFORMASI MANAJEMEN BAHAN DAN ALAT LAB DI JURUSAN GIZI POLTEKKES KEMENKES BENGKULU', '2020-02-17', '2020-06-20', '2020-02-10', 'Selesai', 'Baru'),
(221, 221, 'G1A017034', '199201312019031010', 'SISTEM INFORMASI PENGELOLAAN ARSIP SURAT BERBASIS WEB DI PRODI MATEMATIKA FAKULTAS MIPA UNIVERSITAS BENGKULU ', 'Ulfasari Raflesia, S.Si.,M.Si', 'VI/2019-2020', 'SISTEM INFORMASI PENGELOLAAN ARSIP SURAT BERBASIS WEB DI PRODI MATEMATIKA FAKULTAS MIPA UNIVERSITAS BENGKULU ', '2020-02-17', '2020-06-20', '2020-02-10', 'Selesai', 'Baru'),
(222, 222, 'G1A017035', '198101122005011002', 'SISTEM INFORMASI INVENTARIS LABORATORIUM FISIKA FAKULTAS MATEMATIKA DAN ILMU PENGETAHUAN ALAM UNIVERSITAS BENGKULU', 'REFRIZON, S.Si., M.Si.', 'VI/2019-2020', 'SISTEM INFORMASI INVENTARIS LABORATORIUM FISIKA FAKULTAS MATEMATIKA DAN ILMU PENGETAHUAN ALAM UNIVERSITAS BENGKULU', '2020-02-17', '2020-06-20', '2020-02-10', 'Selesai', 'Baru'),
(223, 223, 'G1A017038', '198909032015041004', 'Sistem Informasi Pengajuan Cuti Pegawai', 'MUHAMMAD NAPIS, S.Pd., M.Pd.', 'VI/2019-2020', 'Sistem Informasi Pengajuan Cuti Pegawai', '2020-02-17', '2020-06-20', '2020-02-10', 'Selesai', 'Baru'),
(224, 224, 'G1A017040', '195803051986031007', 'SISTEM INFORMASI KEARSIPAN SURAT KANTOR INSPEKTORAT PROVINSI BENGKULU', 'HADI PRAMONO,B.Sc', 'VI/2019-2020', 'SISTEM INFORMASI KEARSIPAN SURAT KANTOR INSPEKTORAT PROVINSI BENGKULU', '2020-02-17', '2020-06-20', '2020-02-10', 'Selesai', 'Baru'),
(225, 225, 'G1A017043', '198112222008011011', 'SISTEM INFORMASI MANAJEMEN ARSIP SURAT BERBASIS WE DI SUB BAGIAN PERENCANAAN DAN ADMINISTRASI POLDA BENGKULU', 'ROHBIN PARDOSI', 'VI/2019-2020', 'SISTEM INFORMASI MANAJEMEN ARSIP SURAT BERBASIS WE DI SUB BAGIAN PERENCANAAN DAN ADMINISTRASI POLDA BENGKULU', '2020-02-17', '2020-06-20', '2020-02-10', 'Selesai', 'Baru'),
(226, 226, 'G1A017044', '198205172008121004', 'SISTEM INFORMASI MANAJEMEN PENCUTIAN PEGAWAI DINAS (ESDM) PROVINSI BENGKULU', 'LEO AGUSTIAN', 'VI/2019-2020', 'SISTEM INFORMASI MANAJEMEN PENCUTIAN PEGAWAI DINAS (ESDM) PROVINSI BENGKULU', '2020-02-17', '2020-06-20', '2020-02-10', 'Selesai', 'Baru'),
(227, 227, 'G1A017049', '197308142006042001', 'SISTEM INFORMASI PERPUSTAKAAN BERBASIS WEB SMP NEGERI 1 BENGKULU TENGAH', 'SOBRI, S.Pd', 'VI/2019-2020', 'SISTEM INFORMASI PERPUSTAKAAN BERBASIS WEB SMP NEGERI 1 BENGKULU TENGAH', '2020-02-17', '2020-06-20', '2020-02-10', 'Selesai', 'Baru'),
(228, 228, 'G1A017052', '198906232018031001', 'Sistem Informasi Manajemen Kenaikan Gaji Berkala Inspektorat Provinsi Bengkulu', 'REFRIZON, S.Si., M.Si.', 'VI/2019-2020', 'Sistem Informasi Manajemen Kenaikan Gaji Berkala Inspektorat Provinsi Bengkulu', '2020-02-17', '2020-06-20', '2020-02-10', 'Selesai', 'Baru'),
(229, 229, 'G1A017053', '198411292008122000', 'Sistem Informasi Skripsi (S-1) Program Studi Statistika FMIPA Universitas Bengkulu', 'Dian Agustina, S.Si., M.Sc', 'VI/2019-2020', 'Sistem Informasi Skripsi (S-1) Program Studi Statistika FMIPA Universitas Bengkulu', '2020-02-17', '2020-06-20', '2020-02-10', 'Selesai', 'Baru'),
(230, 230, 'G1A017056', '199010182020122012', 'Sistem Informasi Kesejahteraan sosial di kecamatan Selebar Kota Bengkulu', 'Yenni Fetrianingsih S.E.', 'VI/2019-2020', 'Sistem Informasi Kesejahteraan sosial di kecamatan Selebar Kota Bengkulu', '2020-02-17', '2020-06-20', '2020-02-10', 'Selesai', 'Baru'),
(231, 231, 'G1A017059', '198906232018031001', 'SISTEM INFORMASI INVENTARIS MATERIAL PT. MUTUYASA MANDIRI ABADI', 'RACHMAT FEBRIANSYAH, S.E', 'VI/2019-2020', 'SISTEM INFORMASI INVENTARIS MATERIAL PT. MUTUYASA MANDIRI ABADI', '2020-02-17', '2020-06-20', '2020-02-10', 'Selesai', 'Baru'),
(232, 232, 'G1A017060', '198411292008122000', 'SISTEM INFORMASI PERPUSTAKAAN YAYASAN INSAN ULUL ALBAAB KOTA BENGKULU BERBASIS WEB', 'OKTARANI NURLESTARI, S.KOM.', 'VI/2019-2020', 'SISTEM INFORMASI PERPUSTAKAAN YAYASAN INSAN ULUL ALBAAB KOTA BENGKULU BERBASIS WEB', '2020-02-17', '2020-06-20', '2020-02-10', 'Selesai', 'Baru'),
(233, 233, 'G1A017061', '199201042019031015', 'SISTEM INFORMASI PERPUSTAKAAN SMPN 30 BENGKULU TENGAH', 'ERRIYANTO, S.Pd', 'VI/2019-2020', 'SISTEM INFORMASI PERPUSTAKAAN SMPN 30 BENGKULU TENGAH', '2020-02-17', '2020-06-20', '2020-02-10', 'Selesai', 'Baru'),
(234, 234, 'G1A017063', '199007092019032025', 'Sistem Informasi Inventaris Barang SMKN 1 Kota Bengkulu', 'Lovi Triono, M.Pd', 'VI/2019-2020', 'Sistem Informasi Inventaris Barang SMKN 1 Kota Bengkulu', '2020-02-17', '2020-06-20', '2020-02-10', 'Selesai', 'Baru'),
(235, 235, 'G1A017064', '198909032015041004', 'SISTEM INFORMASI MANAJEMEN DATA SISWA DAN PEGAWAI', 'FAUZAN EFFENDI, S.Sos.', 'VI/2019-2020', 'SISTEM INFORMASI MANAJEMEN DATA SISWA DAN PEGAWAI', '2020-02-17', '2020-06-20', '2020-02-10', 'Selesai', 'Baru'),
(236, 236, 'G1A017065', '198101122005011002', 'Sistem Informasi Penjadwalan Mata Pelajaran SMP Negeri 7 Kota Bengkulu', 'Iskandar Z, M.Pd', 'VI/2019-2020', 'Sistem Informasi Penjadwalan Mata Pelajaran SMP Negeri 7 Kota Bengkulu', '2020-02-17', '2020-06-20', '2020-02-10', 'Selesai', 'Baru'),
(237, 237, 'G1A017070', '195904241986021002', 'SISTEM INFORMASI SURAT MENYURAT PADA PT. PELINDO II (PERSERO) CABANG BENGKULU BERBASIS WEB', 'ALEXANDER', 'VI/2019-2020', 'SISTEM INFORMASI SURAT MENYURAT PADA PT. PELINDO II (PERSERO) CABANG BENGKULU BERBASIS WEB', '2020-02-17', '2020-06-20', '2020-02-10', 'Selesai', 'Baru'),
(238, 238, 'G1A017074', '197812072005012001', 'SISTEM INFORMASI REKAPITULASI DATA PERPINDAHAN PENDUDUK DI KECAMATAN SELEBAR KOTA BENGKULU', 'Yenni Fetrianingsih, S.E.', 'VI/2019-2020', 'SISTEM INFORMASI REKAPITULASI DATA PERPINDAHAN PENDUDUK DI KECAMATAN SELEBAR KOTA BENGKULU', '2020-02-17', '2020-06-20', '2020-02-10', 'Selesai', 'Baru'),
(239, 239, 'G1A017077', '197308142006042001', 'SITUS AKHIR - SISTEM  TUGAS AKHIR PROGRAM STUDI SISTEM INFORMASI', 'Aan Erlanshari, S.T., M.Eng', 'VI/2019-2020', 'SITUS AKHIR - SISTEM  TUGAS AKHIR PROGRAM STUDI SISTEM INFORMASI', '2020-02-17', '2020-06-20', '2020-02-10', 'Selesai', 'Baru'),
(240, 240, 'G1A017078', '198205172008121004', 'SISTEM INFORMASI KEARSIPAN SURAT PT.PERSADA BAKTI MANDIRI', 'HENTI YULIANI', 'VI/2019-2020', 'SISTEM INFORMASI KEARSIPAN SURAT PT.PERSADA BAKTI MANDIRI', '2020-02-17', '2020-06-20', '2020-02-10', 'Selesai', 'Baru'),
(241, 241, 'G1A017080', '199201312019031010', 'Sistem Informasi Pendaftaran Asisten Dosen Jurusan Matematika Fakultas MIPA Universitas Bengkulu', 'Siska Yosmar, S.Si, M.Sc', 'VI/2019-2020', 'Sistem Informasi Pendaftaran Asisten Dosen Jurusan Matematika Fakultas MIPA Universitas Bengkulu', '2020-02-17', '2020-06-20', '2020-02-10', 'Selesai', 'Baru'),
(242, 242, 'G1A015029', '198411292008122000', 'SISTEM INFORMASI ULANGAN HARIAN ONLINE SMA NEGERI 6 BENGKULU', '', 'VI/2020-2021', 'SISTEM INFORMASI ULANGAN HARIAN ONLINE SMA NEGERI 6 BENGKULU', '2021-02-17', '2021-06-20', '2021-02-10', 'Selesai', 'Mengulang'),
(243, 243, 'G1A015043', '199201312019031010', 'SISTEM INFORMASI MANAJEMEN PEMBAYARAN SPP SMAN 9 BENGKULU', '', 'VI/2020-2021', 'SISTEM INFORMASI MANAJEMEN PEMBAYARAN SPP SMAN 9 BENGKULU', '2021-02-17', '2021-06-20', '2021-02-10', 'Selesai', 'Mengulang'),
(244, 244, 'G1A015051', '195904241986021002', 'Sistem Informasi Inventaris SMA Negeri 09 Kota Bengkulu', '', 'VI/2020-2021', 'Sistem Informasi Inventaris SMA Negeri 09 Kota Bengkulu', '2021-02-17', '2021-06-20', '2021-02-10', 'Selesai', 'Mengulang'),
(245, 245, 'G1A015071', '197308142006042001', 'Sistem Informasi Penjadwalan Pratikum Laboratorium Informatika Universitas Bengkulu', '', 'VI/2020-2021', 'Sistem Informasi Penjadwalan Pratikum Laboratorium Informatika Universitas Bengkulu', '2021-02-17', '2021-06-20', '2021-02-10', 'Selesai', 'Mengulang'),
(246, 246, 'G1A016020', '199007092019032025', 'STUDI PERPUSTAKAAN', '', 'VI/2020-2021', 'STUDI PERPUSTAKAAN', '2021-02-17', '2021-06-20', '2021-02-10', 'Selesai', 'Mengulang'),
(247, 247, 'G1A016065', '195803051986031007', 'Sistem informasi Manajemen Pendataan Obat Apotek Dewi Farma Kota Bengkulu', '', 'VI/2020-2021', 'Sistem informasi Manajemen Pendataan Obat Apotek Dewi Farma Kota Bengkulu', '2021-02-17', '2021-06-20', '2021-02-10', 'Selesai', 'Mengulang'),
(248, 248, 'G1A016081', '198906232018031001', 'Sistem Pendaftaran Skripsi Jurusan Ilmu Komunikasi Universitas Bengkulu', '', 'VI/2020-2021', 'Sistem Pendaftaran Skripsi Jurusan Ilmu Komunikasi Universitas Bengkulu', '2021-02-17', '2021-06-20', '2021-02-10', 'Selesai', 'Mengulang'),
(249, 249, 'G1A017016', '199201312019031010', 'SISTEM INFORMASI LABORATORIUM INVENTARIS BERBASIS WEB', '', 'VI/2020-2021', 'SISTEM INFORMASI LABORATORIUM INVENTARIS BERBASIS WEB', '2021-02-17', '2021-06-20', '2021-02-10', 'Selesai', 'Mengulang'),
(250, 250, 'G1A017020', '197308142006042001', 'SISTEM INFORMASI PEMINJAMAN ALAT DI LABORATORIUM JURUSAN KEPERAWATAN POLTEKKES KEMENKES BENGKULU', '', 'VI/2020-2021', 'SISTEM INFORMASI PEMINJAMAN ALAT DI LABORATORIUM JURUSAN KEPERAWATAN POLTEKKES KEMENKES BENGKULU', '2021-02-17', '2021-06-20', '2021-02-10', 'Selesai', 'Mengulang'),
(251, 251, 'G1A017036', '198411292008122000', 'SISTEM INFORMASI PEMANTAUAN HASIL PEMBELAJARAN MAHASISWA UNIVERSITAS BENGKULU OLEH ORANG TUA BERBASIS ANDROID', '', 'VI/2020-2021', 'SISTEM INFORMASI PEMANTAUAN HASIL PEMBELAJARAN MAHASISWA UNIVERSITAS BENGKULU OLEH ORANG TUA BERBASIS ANDROID', '2021-02-17', '2021-06-20', '2021-02-10', 'Selesai', 'Mengulang'),
(252, 252, 'G1A017037', '198909032015041004', 'Sistem Informasi Perpustakaan Berbasis Web SMK S3 Serunting 1 Kota Bengkulu', '', 'VI/2020-2021', 'Sistem Informasi Perpustakaan Berbasis Web SMK S3 Serunting 1 Kota Bengkulu', '2021-02-17', '2021-06-20', '2021-02-10', 'Selesai', 'Mengulang'),
(253, 253, 'G1A017039', '197812072005012001', 'SISTEM INFORMASI PENDATAAN SKRIPSI FAKULTAS HUKUM', '', 'VI/2020-2021', 'SISTEM INFORMASI PENDATAAN SKRIPSI FAKULTAS HUKUM', '2021-02-17', '2021-06-20', '2021-02-10', 'Selesai', 'Mengulang'),
(254, 254, 'G1A017054', '198909032015041004', 'SISTEM INFORMASI PERPUSTAKAAN BERBASIS WEB', '', 'VI/2020-2021', 'SISTEM INFORMASI PERPUSTAKAAN BERBASIS WEB', '2021-02-17', '2021-06-20', '2021-02-10', 'Selesai', 'Mengulang'),
(255, 255, 'G1A017066', '198411292008122000', 'SISTEM INFORMASI PENGAJUAN LEMBAGA BANTUAN HUKUM BERBASIS WEB DI FAKULTAS HUKUM UNIVERSITAS BENGULU', '', 'VI/2020-2021', 'SISTEM INFORMASI PENGAJUAN LEMBAGA BANTUAN HUKUM BERBASIS WEB DI FAKULTAS HUKUM UNIVERSITAS BENGULU', '2021-02-17', '2021-06-20', '2021-02-10', 'Selesai', 'Mengulang'),
(256, 256, 'G1A017067', '195904241986021002', 'SISTEM INFORMASI PENJUALAN DAN STOK BAN PIRELLI CV RIDHO JAYA', '', 'VI/2020-2021', 'SISTEM INFORMASI PENJUALAN DAN STOK BAN PIRELLI CV RIDHO JAYA', '2021-02-17', '2021-06-20', '2021-02-10', 'Selesai', 'Mengulang'),
(257, 257, 'G1A017069', '199007092019032025', 'SISTEM INFORMASI PEMELIHARAAN KENDARAAN BALAI MONITOR SPEKTRUM FREKUENSI RADIO KELAS II BENGKULU', '', 'VI/2020-2021', 'SISTEM INFORMASI PEMELIHARAAN KENDARAAN BALAI MONITOR SPEKTRUM FREKUENSI RADIO KELAS II BENGKULU', '2021-02-17', '2021-06-20', '2021-02-10', 'Selesai', 'Mengulang'),
(258, 258, 'G1A014037', '198502042008122002', 'Sistem Informasi Perkembangan Kasus Siber Polda Bengkulu', '', 'VI/2020-2021', 'Sistem Informasi Perkembangan Kasus Siber Polda Bengkulu', '2021-02-17', '2021-06-20', '2021-02-10', 'Selesai', 'Mengulang'),
(259, 259, 'G1A016053', '197812072005012001', 'SISTEM INFORMASI ALUMNI PROGRAM STUDI ILMU KOMUNIKASI FAKULTAS ILMU SOSIAL DAN ILMU POLITIK UNIVERSITAS BENGKULU', '', 'VI/2020-2021', 'Sistem Informasi alumni merupakan sistem informasi untuk memudahkan mahasiswa aktif dalam mencari alumni di prodinya sehingga dapat membantu mahasiswa dalam membuat tugas akgir, tentang pekerjaan dan dapat mempermudah informasi alumni sehingga tidak perlu lagi pergi ke jurusan untuk mencari informasi.', '2021-02-17', '2021-06-20', '2021-02-10', 'Selesai', 'Baru'),
(260, 260, 'G1A017013', '198909032015041004', 'SISTEM INFORMASI PEMERIKSAAN RAPID TEST COVID-19 KLINIK PRATAMA IQRA\' MEDICAL CENTRE KOTA BENGKULU', '', 'VI/2020-2021', 'Sitem Informasi Rekam Medis berbasi Web di Klinik Pratam Iqra\' Medical Centre Kota Bengkulu merupakan sistem informasi untuk menunjang tercapainya tertib administrasi dalam rangka upaya peningkatan pelayanan kesehatan di Klinik Pratama Iqra\' Medical Centre Kota Bengkulu. Baik dokter maupun tenaga kesehatan lainnya dapat melakukan pembukuan pasien. Pada sistem ini akan terdapat fitur seperti manajemen pasien, manajmen dokter, manajemen kunjungan pasien , serta manajemen jadwal dokter.', '2021-02-17', '2021-06-20', '2021-02-10', 'Selesai', 'Baru'),
(261, 261, 'G1A017023', '198909032015041004', 'Sistem Informasi Perpustakaan Berbasis Web SMA N 6 Kota Bengkulu', '', 'VI/2020-2021', 'Sistem Informasi Perpustakaan Berbasis Web SMA N 6 Kota Bengkulu', '2021-02-17', '2021-06-20', '2021-02-10', 'Selesai', 'Baru'),
(262, 262, 'G1A017048', '199010182020122012', 'Sistem Informasi Penggajian CV Tobo Kito Mandiri', '', 'VI/2020-2021', 'Sistem Informasi Penggajian merupakan sistem informasi yang dibuat untuk manajemen data penggajian karyawan yang bekerja di CV. Tobo Kito Mandiri. Sistem ini dapat melakukan manajemen perhitungan gaji, laporan data penggajian, penyimpanan data, dan penggajian data karyawan.', '2021-02-17', '2021-06-20', '2021-02-10', 'Selesai', 'Mengulang'),
(263, 263, 'G1A018002', '197812072005012001', 'Sistem Informasi Absensi Praktikum Informatika Berbasis Web dan Android Menggunakan QRcode ', '', 'VI/2020-2021', 'Sistem Informasi Absensi Praktikum Informatika Berbasis Web dan Android Menggunakan QRcode ini adalah sistem informasi yang bertujuan untuk meminimalisir kesalahan pencatatan dan menghasilkan data yang benar-benar akurat sehingga mengurangi kemungkinan kecurangan yang dilakukan oleh mahasiswa dan memudahkan asdos dalam melakukan absensi, karena menggunakan sistem QR. Pada sistem ini terdapat 3 aktor yaitu admin, asods, dan mahasiswa. Untuk admin dan asdos itu menggunakan web dan mahasiswa menggunakan android dalam menjalankan sistemnya.', '2021-02-17', '2021-06-20', '2021-02-10', 'Selesai', 'Baru'),
(264, 264, 'G1A018005', '199201042019031015', 'SISTEM INFORMASI PENDATAAN PERKEMBANGAN ANAK BERBASIS WEBSITE PADA RUMAH SINGGAH AL-MAUN KOTA BENGKULU', '', 'VI/2020-2021', 'Sistem ini berfungsi untuk mendata perkembangan anak-anak yang berada di bawah naungan rumah singgah Al-Ma\'un. Data tersebut diharapkan dapat membantu para pengajar ataupun pengurus rumah singgah dalam mengambil keputusan untuk anak-anak kedepannya.', '2021-02-17', '2021-06-20', '2021-02-10', 'Selesai', 'Baru');
INSERT INTO `tb_kerjapraktik` (`id_kp`, `id_lks`, `npm`, `nip`, `judul`, `nama_pl`, `semester_ta`, `uraian`, `jangka_waktu_s`, `jangka_waktu_e`, `tgl_pengajuan`, `status`, `keterangan`) VALUES
(265, 265, 'G1A018007', '199007092019032025', 'SISTEM INFORMASI TES EDWAR PERSONAL PREFERENCE SCHEDULE  DI CV. PSIKO (SAHABAT PSIKOLOGI)  UNTUK MENENTUKAN KEPRIBADIAN  SEORANG INDIVIDU', '', 'VI/2020-2021', 'Sistem Informasi Tes EPPS untuk menetukan karakteristik seorang individu merupakan system informasi yang dapat melakukan tes EPPS bebrbasis web dan dapat mengeluarkan hasil berupa deskripsi individu berdasarkan soal yang telah di jawab. Tujuan dari system informasi ini adalah pertama, memberi kemudahan admin dalam memeriksa hasil tes dan menentukan hasil tes dengan cepat. Kedua, peserta ujian tidak perlu lama menunggu hasil tes. Adapun pengguna system ini nantinya terdiri dari 3 aktor yaitu admin, peserta ujian dan direktur sahabat psikologi. Untuk admin mengelola data peserta, mengelolah data jadwal dan mengelolah soal serta mampu mengelolah hasil tes. Untuk peserta ujian dapat melakukan input data, perubahan data, melaksanaka tes dan melihat hasil tes. Hasil tes tersebut dapat di cetak dan diberikana oleh admin dengan persetujuan pihak kantor Sahabat Psikologi.', '2021-02-17', '2021-06-20', '2021-02-10', 'Selesai', 'Baru'),
(266, 266, 'G1A018009', '199010182020122012', 'Sistem Informasi Inventaris Barang Penanggulangan Bencana Daerah Provinsi Bengkulu', '', 'VI/2020-2021', 'Sistem Informasi Inventaris Barang Penanggulangan Bencana Daerah Provinsi Bengkulu', '2021-02-17', '2021-06-20', '2021-02-10', 'Selesai', 'Baru'),
(267, 267, 'G1A018011', '199201312019031010', 'Rancang Bangun Sistem Informasi Manajemen Kelas SD Negeri 17 Kota Bengkulu Berbasis Website.', '', 'VI/2020-2021', 'Perancangan Sistem Informasi Akademik Berbasis Web merupakan perancangan sistem informasi untuk memudahkan dalam melakukan proses pendataan akademik. Sistem informasi akademik ini juga guna untuk mempermudah dalam memberikan informasi yang akurat dan tepat saat dibutuhkan. Sistem informasi akademik nantinya berisiskan pengelolaan data siswa, guru, asset, program kesiswaan dan laporan rekap jurnal guru. ', '2021-02-17', '2021-06-20', '2021-02-10', 'Selesai', 'Baru'),
(268, 268, 'G1A018012', '195803051986031007', 'Sistem Informasi Perpustakaan SMA IT IQRA\' Kota Bengkulu Berbasis Web', '', 'VI/2020-2021', 'Sistem Informasi Perpustakaan SMA IT IQRA\' Kota Bengkulu Berbasis Web', '2021-02-17', '2021-06-20', '2021-02-10', 'Selesai', 'Baru'),
(269, 269, 'G1A018013', '198205172008121004', 'Sistem Informasi Keuangan (Buku Kas) Fadila\'s Dekor Kota Bengkulu', '', 'VI/2020-2021', 'Sistem Informasi Keuangan (Buku Kas) Fadila\'s Dekor Kota Bengkulu', '2021-02-17', '2021-06-20', '2021-02-10', 'Selesai', 'Baru'),
(270, 270, 'G1A018014', '198205172008121004', 'Sistem Informasi E-Catalogue Fadila\'s Dekor', '', 'VI/2020-2021', 'Sistem Informasi E-Catalogue Fadila\'s Dekor', '2021-02-17', '2021-06-20', '2021-02-10', 'Selesai', 'Baru'),
(271, 271, 'G1A018015', '198411292008122000', 'System Informasi Kesiswaan  Berbasis Website SMPN 14 Kota Bengkulu', '', 'VI/2020-2021', 'System Informasi Kesiswaan  Berbasis Website SMPN 14 Kota Bengkulu', '2021-02-17', '2021-06-20', '2021-02-10', 'Selesai', 'Baru'),
(272, 272, 'G1A018018', '198112222008011011', 'SISTEM INFORMASI KEBENCANAAN WILAYAH BENGKULU', '', 'VI/2020-2021', 'Sistem Informasi Kebencanaan Wilayah Bengkulu ini merupakan sistem informasi berbasis wen yang dirancang untuk mempermudah BPBD Provinsi Bengkulu untuk menginformasikan kepada masyarakat luas, agar masyarakat tau lokasi bencana dan bencana apa yang terjadi. Di dalam website ini masyarakat juga mendapatakan informasi kebencanaan mulai dari pra bencana, informasi peta rawan bencana, kondisi saat bencan dan penanggulangan paska bencana. bentuknya dalam bentuk website yang terakses ke media sosial sehingga mudah di akses oleh masyarakat.', '2021-02-17', '2021-06-20', '2021-02-10', 'Selesai', 'Baru'),
(273, 273, 'G1A018019', '198101122005011002', 'SISTEM INFORMASI PENERIMAAN PESERTA DIDIK BARU (PPDB) SD NEGERI 17  KOTA BENGKULU ', '', 'VI/2020-2021', 'Sistem Informasi Pendaftaran Peserta Didik Baru ini adalah sistem informasi yang mengelola data tentang siswa yang akan mendaftar di SDN 17 Kota Bengkulu berbasis web. Tujuan dengan adanya sistem informasi Pendaftaran Peserta Didik Baru ini yaitu untuk mendata siswa yang akan mendaftar di dalam SDN 17 Kota Bengkulu apakah sudah sesuai dengan persyaratan yang ada apa belum. Kemudian dengan adanya sistem yang terkomputerisasi ini akan membantu staff agar dapat meningkatkan mutu pelayanan.', '2021-02-17', '2021-06-20', '2021-02-10', 'Selesai', 'Baru'),
(274, 274, 'G1A018021', '198906232018031001', 'SISTEM PENDUKUNG KEPUTUSAN MENENTUKAN SISWA BERPRESTASI MENGGUNAKAN METODE SIMPLE ADDITIVE WEIGHTING PADA SMP NEGERI 11 KOTA BENGKULU', '', 'VI/2020-2021', 'SISTEM PENDUKUNG KEPUTUSAN MENENTUKAN SISWA BERPRESTASI MENGGUNAKAN METODE SIMPLE ADDITIVE WEIGHTING PADA SMP NEGERI 11 KOTA BENGKULU', '2021-02-17', '2021-06-20', '2021-02-10', 'Selesai', 'Baru'),
(275, 275, 'G1A018023', '198502042008122002', 'SISTEM INFORMASI PANGKALAN DATA KERJA SAMA DAN LAYANAN UPT KERJA SAMA DAN LAYANAN INTERNASIONAL UNIVERSITAS BENGKULU', '', 'VI/2020-2021', 'Pada kerja praktik ini, akan memperbaharui sistem informasi yang telah ada dan digunakan oleh UPT KSLI sebelumnya, dengan menambahkan beberapa fitur dan fungsi yang bertujuan dalam memudahkan admin maupun mahasiswa dalam menggunakan sistem ini.', '2021-02-17', '2021-06-20', '2021-02-10', 'Selesai', 'Baru'),
(276, 276, 'G1A018025', '198411292008122000', 'Sistem Informasi Berbasis Web untuk Manajemen Surat Tugas dan Surat Keterangan Penelitian dan Pengabdian LPPM Universitas Bengkulu', '', 'VI/2020-2021', 'Sistem Informasi Berbasis Web untuk Manajemen Surat Tugas dan Surat Keterangan Penelitian dan Pengabdian LPPM Universitas Bengkulu merupakan sistem yang dirancang untuk mempermudah pendataan dan pembuatan surat tugas dan surat keterangan penelitian dan pengabdian yang ada di LPPM Universitas Bengkulu.', '2021-02-17', '2021-06-20', '2021-02-10', 'Selesai', 'Baru'),
(277, 277, 'G1A018026', '198906232018031001', 'SISTEM INFORMASI PENILAIAN KINERJA KARYAWAN BANK PERKREDITAN RAKYAT MAROBA ITE', '', 'VI/2020-2021', 'Sistem informasi ini merupakan sistem informasi untuk memudahkan pimpinan cabang dalam membuat penilaian kinerja karyawan untuk memutuskan hadiah dan hukuman dalam periode semester. sistem ini akan memiliki 3 tingkatan pengguna utama dimana hak tertinggi akan dimiliki oleh pimpinan cabang, lalu ada staff yang dapat mengisi penilaian cabang, lalu ada staff yang akan memberikan penilaian untuk masing-masing anggota staffnya, dan penilaian ini akan sampai ke pimpinan cabang, dalam sistem ini kepala staff dapat memberikan penilaian untuk staff tim mereka, dan kepala cabang dapat melihat penilaian masing-masing staff untuk diri sendiri dan penilaian staff yang diberikan oleh kepala staff.', '2021-02-17', '2021-06-20', '2021-02-10', 'Selesai', 'Baru'),
(278, 278, 'G1A018027', '198411292008122000', 'SISTEM INFORMASI TES CULTURE FAIR INTELLIGENCE TEST DAN TES ROTHWELL MILLER INTEREST BLANK DI CV PSIKO (SAHABAT PSIKOLOGI)', '', 'VI/2020-2021', 'SISTEM INFORMASI TES CULTURE FAIR INTELLIGENCE TEST DAN TES ROTHWELL MILLER INTEREST BLANK DI CV PSIKO (SAHABAT PSIKOLOGI)', '2021-02-17', '2021-06-20', '2021-02-10', 'Selesai', 'Baru'),
(279, 279, 'G1A018028', '198909032015041004', 'APLIKASI TRANSAKSI HEWAN QURBAN BERBASIS ANDROID DI KANTOR PERWAKILAN BANK INDONEISA PROVINSI BENGKULU', '', 'VI/2020-2021', 'Aplikasi Transaksi Qurban Bank Indonesia Bengkulu merupakan aplikasi qurban secara mobile atau android dalam upaya peningkatan efisiensi dalam transaksi qurban di kantor perwakilan Bank Indonesia Bengkulu.', '2021-02-17', '2021-06-20', '2021-02-10', 'Selesai', 'Baru'),
(280, 280, 'G1A018034', '199007092019032025', 'SISTEM INFORMASI UJIAN ONLINE BERBASIS WEB  DI SMP NEGERI 1 KOTA BENGKULU', '', 'VI/2020-2021', 'Ssitem Informasi Ujian Online SMP N 1 Kota Bengkulu dirancang dengan tujuan untuk menyediakan media ujian berbasis komputer sehingga bisa mengurangi penggunaan kertas ketika masa ujian berlangsung dan mempermudah ujian pada masa pandemi sekarang. Sistem ini juga memberikan kemudahan kepada guru dalam mengkoreksi soal-soal yang  dikerjakan siswa  dan merekap nilai ujian siswa.', '2021-02-17', '2021-06-20', '2021-02-10', 'Selesai', 'Baru'),
(281, 281, 'G1A018044', '198411292008122000', 'Sistem Informasi Ketercapaian Luaran Penelitian LPPM Universitas Bengkulu', '', 'VI/2020-2021', 'Sistem Informasi Data Luaran Penelitian Lembaga Penelitian dan Pengabdian Masyarakat di Universita Bengkulu merupakan sistem untuk mempermudah staff dalam merekap data luaran penelitian di LPPM UNIB dan mempermudah dosen dalam mendata luaran penelitian atau memperbaharui data luaran penelitian.', '2021-02-17', '2021-06-20', '2021-02-10', 'Selesai', 'Baru'),
(282, 282, 'G1A018046', '198502042008122002', 'SISTEM INFORMASI EDUKASI KOLEKSI MUSEUM BERBASIS ANDROID STUDI KASUS: (MUSEUM NEGERI KOTA BENGKULU)', '', 'VI/2020-2021', 'SISTEM INFORMASI EDUKASI KOLEKSI MUSEUM BERBASIS ANDROID STUDI KASUS: (MUSEUM NEGERI KOTA BENGKULU)', '2021-02-17', '2021-06-20', '2021-02-10', 'Selesai', 'Baru'),
(283, 283, 'G1A018049', '198502042008122002', 'Sistem Pengajuan Judul Skripsi Program Studi Sistem Informasi FT UNIB', '', 'VI/2020-2021', 'Sistem Pengajuan Judul Skripsi Program Studi Sistem Informasi FT UNIB. Dalam Sistem ini, mahasiswa dapat melakukan pengajuan judul skripsi dan menerima konfirmasi apakah judul skripsi yang diajukan diterma atau tidak, mahasiswa juga mendapatakan pemberitahuan bahwa proposal nya terdapat revisi dari dosen atau tidak. Dan jika proposal yang diajukan sudah di ACC maka mahasiswa akan mendapatkan pembimbing 1 dan 2 serta dosen penguji 1 dan 2', '2021-02-17', '2021-06-20', '2021-02-10', 'Selesai', 'Baru'),
(284, 284, 'G1A018050', '198205172008121004', 'Sistem Permohonan Pengajuan Kenaikan Gaji Berkala di Polda Bengkulu', '', 'VI/2020-2021', 'Sistem Permohonan Pengajuan Kenaikan Gaji Berkala di Polda Bengkulu', '2021-02-17', '2021-06-20', '2021-02-10', 'Selesai', 'Baru'),
(285, 285, 'G1A018051', '199411232020122000', 'Sistem Informasi Sarana dan Prasarana Berbasis Web Menggunakan Qr Code (Studi Kasus: Dinas Perumahan Rakyat dan Kawasan Permukiman)', '', 'VI/2020-2021', 'Sistem Informasi Sarana dan Prasarana Berbasis Web Menggunakan Qr Code (Studi Kasus: Dinas Perumahan Rakyat dan Kawasan Permukiman) yang dibuat  ini bertujuan untuk memudahkan Bidang Kesektariatan pada Dinas Perumahan Rakyat dan Kawasan Pemukiman Kota Bengkulu dalam pengelolaan dan pendataan sarana dan prasarana yang ada, sehingga membantu meningkatkan efisiensi dalam pengelolaan sarana dan prasarana yang terkomputerisasi sehingga mampu mendukung kinerja Kantor Dinas Perumahan Rakyat dan Kawasan Pemukiman Kota Bengkulu.', '2021-02-17', '2021-06-20', '2021-02-10', 'Selesai', 'Baru'),
(286, 286, 'G1A018052', '195803051986031007', 'Perancangan Sistem Informasi Layanan Cuti Pegawai Bank Indonesia Provinsi Bengkulu', '', 'VI/2020-2021', 'Perancangan Sistem Informasi Layanan Cuti Pegawai Bank Indonesia Provinsi Bengkulu', '2021-02-17', '2021-06-20', '2021-02-10', 'Selesai', 'Baru'),
(287, 287, 'G1A018054', '195904241986021002', 'SISTEM INFORMASI INVENTARIS ALAT DAN BARANG DI SMKS 8 GRAKARSA KOTA BENGKULU', '', 'VI/2020-2021', 'SISTEM INFORMASI INVENTARIS ALAT DAN BARANG DI SMKS 8 GRAKARSA KOTA BENGKULU', '2021-02-17', '2021-06-20', '2021-02-10', 'Selesai', 'Baru'),
(288, 288, 'G1A018057', '195803051986031007', 'SISTEM INFORMASI PELAYANAN PELANGGAN DI STARTUP OASSE KOTA BENGKULU', '', 'VI/2020-2021', 'Ssitem Informasi Pelayanan Pelanggan di Startup OASSW Kota Bengkulu adalah sistem informasi berbasis website yang digunakan untuk memempermudah pekerjaan karyawan di kantor startup oasse dalam mengatur kegiatan pelayanan pelanggan(customer service).', '2021-02-17', '2021-06-20', '2021-02-10', 'Selesai', 'Baru'),
(289, 289, 'G1A018058', '198205172008121004', 'IMPLEMENTASI WORDPRESS REST API PADA PENGEMBANGAN APLIKASI BETV NEWS BERBASIS ANDROID DAN IOS MENGGUNAKAN FLUTTER', '', 'VI/2020-2021', 'IMPLEMENTASI WORDPRESS REST API PADA PENGEMBANGAN APLIKASI BETV NEWS BERBASIS ANDROID DAN IOS MENGGUNAKAN FLUTTER', '2021-02-17', '2021-06-20', '2021-02-10', 'Selesai', 'Baru'),
(290, 290, 'G1A018059', '199411232020122000', 'Sistem Informasi Perpustakaan SD Negeri 69 Kota Bengkulu', '', 'VI/2020-2021', 'Sistem Informasi Perpustakaan SD Negeri 69 Kota Bengkulu ini adalah sistem yang berbasis website, sistem ini dirancang untuk mempermudah pendataan anggota beru dan lama serta pendataan buku-buku yang ada di perpustakaan.', '2021-02-17', '2021-06-20', '2021-02-10', 'Selesai', 'Baru'),
(291, 291, 'G1A018063', '198112222008011011', 'Sistem Informasi Presensi Karyawan PT Ascon Inovasi Data Berbasis Android', '', 'VI/2020-2021', 'Sistem Informasi Presensi Karyawan PT Ascon Inovasi Data Berbasis Android', '2021-02-17', '2021-06-20', '2021-02-10', 'Selesai', 'Baru'),
(292, 292, 'G1A018064', '199411232020122000', 'Sistem Informasi Sarana dan Prasarana MTs Negeri 1 Kota Bengkulu dengan Menggunakan Quick Response (QR) Code', '', 'VI/2020-2021', 'Sistem Informasi yang bertujuan untuk memudahkan dalam mengelola dan mengontrol pendataan barang yang ada dengan menggunaka qr code. Dalam sistem ini, dapat melakukan tambah, edit, hapus data barang dan ruangan yang ada, kita bisa print qr code dan kemudian ditempelkan di setiap ruangan yang ada, ketika qr code di scan, makan sistem akan menampilkan data barang yang ada di dalam ruangan tersebut.', '2021-02-17', '2021-06-20', '2021-02-10', 'Selesai', 'Baru'),
(293, 293, 'G1A018066', '198909032015041004', 'Sistem Informasi dan Permohonan Sidang Nikah Dinas Bagi Anggota Polri & PNS di Polda Bengkulu', '', 'VI/2020-2021', 'Sistem Informasi dan Permohonan Sidang Nikah Dinas Bagi Anggota Polri & PNS di Polda Bengkulu ini dirancang untuk mengkatkan layanan yang ada di Polda Bengkulu. Dimana saat ini untuk pengurusan berkas dan penjadwalan nikah dinas polisi masih dilakukan secara manual dengan mengumpulkan berkas syarat secara fisik dan diolah oleh admin.', '2021-02-17', '2021-06-20', '2021-02-10', 'Selesai', 'Baru'),
(294, 294, 'G1A018067', '199201042019031015', 'Sistem Informasi Penjualan Beanbag Bengkulu Berbasis Web', '', 'VI/2020-2021', 'Sistem Informasi Penjualan Beanbag Bengkulu Berbasis Web', '2021-02-17', '2021-06-20', '2021-02-10', 'Selesai', 'Baru'),
(295, 295, 'G1A018073', '199411232020122000', 'Sistem Informasi Stock Opname Barang Habis Pakai Laboratorium Komputer Poltekkes Kemenkes Bengkulu', '', 'VI/2020-2021', 'Sistem Informasi Stock Opname adlah sistem informasi inventaris berbasis website yang dirancang untuk mempermudah pendataan barang habis pakai. Dalam sistem ini terdapat pilihan untuk melakukan tambah, edit, dan hapus data barang. Sistem ini juga menggunakan QR Code yang berfungsi untuk menampilkan informasi seputar rekap barang habis pakai yang berada di Laboratorium Komputer Poltekes Kemenkes Bengkulu.', '2021-02-17', '2021-06-20', '2021-02-10', 'Selesai', 'Baru'),
(296, 296, 'G1A018074', '199007092019032025', 'SISTEM INFORMASI SURVEY DAN QUICK COUNT PEMILU GUBERNUR PROVINSI BENGKULU', '', 'VI/2020-2021', 'Ssitem Informasi Quick Count Pemili BETV Provinsi Bengkulu merupakan SI yang menampilkan hasil perolehan suara dengan perhitungan cepat yang berdasarkan data yang diperoleh pihak BETV yang akhirnya akan ditampilkan di berita BETV.', '2021-02-17', '2021-06-20', '2021-02-10', 'Selesai', 'Baru'),
(297, 297, 'G1A018077', '198112222008011011', 'PERANCANGAN SISTEM INFORMASI ARSIP SURAT MENGGUNAKAN API WHATSAPP (STUDI KASUS DINAS PERUMAHAN RAKYAT DAN KAWASAN PERMUKIMAN KOTA BENGKULU)', '', 'VI/2020-2021', 'PERANCANGAN SISTEM INFORMASI ARSIP SURAT MENGGUNAKAN API WHATSAPP (STUDI KASUS DINAS PERUMAHAN RAKYAT DAN KAWASAN PERMUKIMAN KOTA BENGKULU)', '2021-02-17', '2021-06-20', '2021-02-10', 'Selesai', 'Baru'),
(298, 298, 'G1A018078', '198112222008011011', 'Sistem Informasi dan Pengajuan Satya Lencana bagi Polri dan PNS Polri di Polda Bengkulu', '', 'VI/2020-2021', 'Sistem Informasi dan Pengajuan Satya Lencana bagi Polri dan PNS Polri di Polda Bengkulu', '2021-02-17', '2021-06-20', '2021-02-10', 'Selesai', 'Baru'),
(299, 299, 'G1A018081', '198909032015041004', 'Sistem Informasi Inventaris Gudang UD Berdikari Bengkulu', '', 'VI/2020-2021', 'Sistem Informasi Inventaris Gudang UD Berdikari Bengkulu', '2021-02-17', '2021-06-20', '2021-02-10', 'Selesai', 'Baru'),
(300, 300, 'G1A018084', '199007092019032025', 'SISTEM INFORMASI ABSENSI ONLINE SISWA BERBASIS WEBSITE   SMKS 8 GRAKARSA KOTA BENGKULU', '', 'VI/2020-2021', 'Sistem informasi absensi siswa merupakan sistem yang memanajemen daftar hadir siswa yang nantinya akan menghasilkan laporan terkait absensi. Laporan tersebut berisi data siswa yang hadir, izin atau tidak hadir sama sekali. Tujuan sistem ini dibuat adalah untuk memudahkan guru dalam melakukan absensi kepada siswa. Sehingga guru tidak perlu lagi mengabsen secara manual dengan menggunakan kertas dan juga alat tulis.', '2021-02-17', '2021-06-20', '2021-02-10', 'Selesai', 'Baru'),
(301, 301, 'G1A018086', '199201042019031015', 'Desain dan implementasi sistem informasi seleksi beasiswa menggunakan metode SAW', '', 'VI/2020-2021', 'Perancangan Sistem Informasi Seleksi Beasiswa menggunakan metode SAW berbasih website (Studi Kasus : Fakultas KIP Universitas Bengkulu) merupakan perancangan sistem informasi berbasis website untuk emudahkan panitia dalam menyelksi penerimaan beasiswa dan menghasilkan kesimpulan yang akurat siapa yang berhak menerima beasiswa tersebut.', '2021-02-17', '2021-06-20', '2021-02-10', 'Selesai', 'Baru'),
(302, 302, 'G1A018087', '198906232018031001', 'Rancang Bangun Aplikasi Virtual Tour pada Museum Negeri Bengkulu', '', 'VI/2020-2021', 'Rancang Bangun Aplikasi Virtual Tour pada Museum Negeri Bengkulu', '2021-02-17', '2021-06-20', '2021-02-10', 'Selesai', 'Baru'),
(303, 303, 'G1A018089', '198906232018031001', 'Sistem Informasi Pendataan Data Perumahan Berbasis Web Studi Kasus Dinas Perumahan Rakyat dan Kawasan Permukiman Kota Bengkulu', '', 'VI/2020-2021', 'Sistem Informasi Pendataan Data Perumahan Berbasis Web Studi Kasus Dinas Perumahan Rakyat dan Kawasan Permukiman Kota Bengkulu', '2021-02-17', '2021-06-20', '2021-02-10', 'Selesai', 'Baru'),
(304, 304, 'G1A018091', '195803051986031007', 'Sistem Informasi Penjualan Fakultas Pertanian Universitas Bengkulu Berbasis WEB', '', 'VI/2020-2021', 'Sistem Informasi Penjualan Fakultas Pertanian Universitas Bengkulu Berbasis WEB', '2021-02-17', '2021-06-20', '2021-02-10', 'Selesai', 'Baru'),
(308, 308, 'G1A016017', '198112222008011011', 'SISTEM INFORMASI PENGGAJIAN PEGAWAI PADA KANTOR KECAMATAN LEMBAH SORIK MARAPI KABUPATEN MANDALING NATAL', 'Ir.M.Ridwan', 'XII/2021-2022', 'SISTEM INFORMASI PENGGAJIAN PEGAWAI PADA KANTOR KECAMATAN LEMBAH SORIK MARAPI KABUPATEN MANDALING NATAL', '2022-02-21', '2022-07-21', '2022-02-03', 'Disetujui Koordinator', 'Mengulang'),
(309, 309, 'G1A017019', '198205172008121004', 'SISTEM INFORMASI ABSENSI ONLINE BERBASIS WEBSITE SMA NEGERI 7 KOTA BENGKULU', 'Kamaludin', 'X/2021-2022', 'SISTEM INFORMASI ABSENSI ONLINE BERBASIS WEBSITE SMA NEGERI 7 KOTA BENGKULU', '2022-02-21', '2022-07-21', '2022-02-03', 'Disetujui Koordinator', 'Baru'),
(310, 310, 'G1A019083', '198205172008121004', 'Sistem Informasi Kasir Bengkel JhonMotor', 'Shintia', 'VI/2021-2022', 'Sistem Informasi Kasir Bengkel JhonMotor', '2022-02-21', '2022-07-21', '2022-02-03', 'Disetujui Koordinator', 'Baru'),
(311, 311, 'G1A019015', '198502042008122002', 'Rancang Bangun Website Profile Fakultas Matematika dan Ilmu Pengetahuan Alam Universitas Bengkulu', 'Oky Hermansyah, M.Farm, Apr.', 'VI/2021-2022', 'Rancang Bangun Website Profile Fakultas Matematika dan Ilmu Pengetahuan Alam Universitas Bengkulu', '2022-02-21', '2022-07-21', '2022-02-03', 'Disetujui Koordinator', 'Baru'),
(312, 312, 'G1A019071', '198205172008121004', 'Sistem Informasi Inventaris Bengkel Jhon Motor Kota Bengkulu', 'Darto', 'VI/2021-2022', 'Sistem Informasi Inventaris Bengkel Jhon Motor Kota Bengkulu', '2022-02-21', '2022-07-21', '2022-02-03', 'Disetujui Koordinator', 'Baru'),
(313, 313, 'G1A019055', '198205172008121004', 'SISTEM INFORMASI PELATIHAN ONLINE PT. SAHABAT PROFESIONAL INDONESIA', 'Tio Riko Tampati S.Psi', 'VI/2021-2022', 'SISTEM INFORMASI PELATIHAN ONLINE PT. SAHABAT PROFESIONAL INDONESIA', '2022-02-21', '2022-07-21', '2022-02-03', 'Disetujui Koordinator', 'Baru'),
(314, 314, 'G1A016078', '198112222008011011', 'SISTEM MANAJEMEN ARSIP DIGITAL DINAS PENANAMAN MODAL PELAYANAN TERPADU SATU PINTU KABUPATEN BENGKULU TENGAH', 'Elti Mulyati, S.Sos.', 'VI/2021-2022', 'SISTEM MANAJEMEN ARSIP DIGITAL DINAS PENANAMAN MODAL PELAYANAN TERPADU SATU PINTU KABUPATEN BENGKULU TENGAH', '2022-02-21', '2022-07-21', '2022-02-03', 'Disetujui Koordinator', 'Baru'),
(315, 315, 'G1A019059', '198502042008122002', 'Rancang Bangun Website Profile Informatika pada Prodi Informatika Universitas Bengkulu', 'Nani Suhastra,S.Pd', 'VI/2021-2022', 'Rancang Bangun Website Profile Informatika pada Prodi Informatika Universitas Bengkulu', '2022-02-21', '2022-07-21', '2022-02-03', 'Disetujui Koordinator', 'Baru'),
(316, 316, 'G1A017075', '198112222008011011', 'SISTEM INFORMASI PERPUSTAKAAN', 'Rini Wiryani', 'X/2021-2022', 'SISTEM INFORMASI PERPUSTAKAAN', '2022-02-21', '2022-07-21', '2022-02-03', 'Disetujui Koordinator', 'Mengulang'),
(317, 317, 'G1A019006', '198502042008122002', 'Sistem Informasi Penjadwalan Berbasis Elektronik Kepala Desa Rindu Hati Bengkulu Tengah', 'Asri Jaya', 'VI/2021-2022', 'Sistem Informasi Penjadwalan Berbasis Elektronik Kepala Desa Rindu Hati Bengkulu Tengah', '2022-02-21', '2022-07-21', '2022-02-03', 'Disetujui Koordinator', 'Baru'),
(318, 318, 'G1A019068', '199010182020122012', 'PERANCANGAN SISTEM INFORMASI QR-CODE PADA BENDA BERSEJARAH DI MUSEUM NEGERI BENGKULU', 'Hery Sukoco, S.Hum, M.Hum.', 'VI/2021-2022', 'PERANCANGAN SISTEM INFORMASI QR-CODE PADA BENDA BERSEJARAH DI MUSEUM NEGERI BENGKULU', '2022-02-21', '2022-07-21', '2022-02-03', 'Disetujui Koordinator', 'Baru'),
(319, 319, 'G1A018001', '198502042008122002', 'Sistem Informasi Website Sekolah SMK Negeri 2 Bengkulu Tengah', 'Irawan Firmansyah, S.Kom', 'VIII/2021-2022', 'Sistem Informasi Website Sekolah SMK Negeri 2 Bengkulu Tengah', '2022-02-21', '2022-07-21', '2022-02-03', 'Disetujui Koordinator', 'Baru'),
(320, 320, 'G1A019096', '198502042008122002', 'MAGANG & STUDI INDEPENDEN BERSERTIFIKAT Frond-End Engineering Bootcamp', '', 'VI/2021-2022', 'MAGANG & STUDI INDEPENDEN BERSERTIFIKAT Frond-End Engineering Bootcamp', '2022-02-21', '2022-07-21', '2022-02-03', 'Disetujui Koordinator', 'Baru'),
(321, 321, 'G1A019048', '198502042008122002', 'Accelerated Machine Learning Program', '', 'VI/2021-2022', 'Accelerated Machine Learning Program', '2022-02-21', '2022-07-21', '2022-02-03', 'Disetujui Koordinator', 'Baru'),
(322, 322, 'G1A017042', '198906232018031001', 'Sistem Informasi Stok BBM SPBU Kampung Bali 24.381.01', 'Yudy Irawan, S.E', 'X/2021-2022', 'Sistem Informasi Stok BBM SPBU Kampung Bali 24.381.01', '2022-02-21', '2022-07-21', '2022-02-03', 'Disetujui Koordinator', 'Baru'),
(323, 323, 'G1A018053', '198112222008011011', 'Sistem Informasi Ujian Online Berbasis Web', 'Novi Triono, M. Pd.', 'VIII/2021-2022', 'Sistem Informasi Ujian Online Berbasis Web', '2022-02-21', '2022-07-21', '2022-02-03', 'Disetujui Koordinator', 'Baru'),
(324, 324, 'G1A019084', '199010182020122012', 'Sistem Informasi Perpustakaan SMPN 11 TALANG EMPAT BENGKULU TENGAH', 'Mirarini Ande Frianti,S.Pd', 'VI/2021-2022', 'Sistem Informasi Perpustakaan SMPN 11 TALANG EMPAT BENGKULU TENGAH', '2022-02-21', '2022-07-21', '2022-02-03', 'Disetujui Koordinator', 'Baru'),
(325, 325, 'G1A018045', '198112222008011011', 'SISTEM INFORMASI PERSEDIAAN BARANG  GUDANG BEANBAG BENGKULU BERBASIS WEB', 'Reyhan Firdaus', 'VIII/2021-2022', 'SISTEM INFORMASI PERSEDIAAN BARANG  GUDANG BEANBAG BENGKULU BERBASIS WEB', '2022-02-21', '2022-07-21', '2022-02-03', 'Disetujui Koordinator', 'Baru'),
(326, 326, 'G1A019014', '199411232020122000', 'BANGKIT ACADEMY 2022 BY GOOGLE, GOTO, TRAVELOKA MOBILE DEVELOPMENT LEARNING PATH', 'Adrianus Yoza Aprilio', 'VI/2021-2022', 'BANGKIT ACADEMY 2022 BY GOOGLE, GOTO, TRAVELOKA MOBILE DEVELOPMENT LEARNING PATH', '2022-02-21', '2022-07-21', '2022-02-03', 'Disetujui Koordinator', 'Baru'),
(327, 327, 'G1A018017', '198112222008011011', 'Sistem Informasi Presensi Siswa SMK Negeri 2 Bengkulu Tengah Berbasis Website', 'Noviyani, S. H. ', 'VIII/2021-2022', 'Sistem Informasi Presensi Siswa SMK Negeri 2 Bengkulu Tengah Berbasis Website', '2022-02-21', '2022-07-21', '2022-02-03', 'Disetujui Koordinator', 'Baru'),
(328, 328, 'G1A019073', '198112222008011011', 'Sistem Informasi Evaluasi Ujian Berbasis WEB', 'dr. Ahmad Azmi Nasution, M.Biomed', 'VI/2021-2022', 'Sistem Informasi Evaluasi Ujian Berbasis WEB', '2022-02-21', '2022-07-21', '2022-02-03', 'Disetujui Koordinator', 'Baru'),
(329, 329, 'G1A019037', '198112222008011011', 'Sistem Informasi Computer Assisted Test CPNS di PT. Sahabat Professional Indonesia', 'Tio Riko Tampati, S.Psi. ', 'VI/2021-2022', 'Sistem Informasi Computer Assisted Test CPNS di PT. Sahabat Professional Indonesia', '2022-02-21', '2022-07-21', '2022-02-03', 'Disetujui Koordinator', 'Baru'),
(330, 330, 'G1A018076', '199411232020122000', 'Mengerjakan berbagai project yang sedang dikerjakan PT, khususnya analisis draft, membuat UML, Diagram BPMN,  dan hasil akhirnya berupa dokumen-dokumen analisis kebutuhan software. semua yang terkait dengan Technical Writer.', 'Ahnasun Naseh Khudori , M.Kom', 'VIII/2021-2022', 'Mengerjakan berbagai project yang sedang dikerjakan PT, khususnya analisis draft, membuat UML, Diagram BPMN,  dan hasil akhirnya berupa dokumen-dokumen analisis kebutuhan software. semua yang terkait dengan Technical Writer.', '2022-02-21', '2022-07-21', '2022-02-03', 'Disetujui Koordinator', 'Baru'),
(331, 331, 'G1A018079', '198502042008122002', 'Sistem Informasi Pengolahan Raport Siswa Berbasis Web SMKN 2 Bengkulu Tengah', 'Novi Triono,M.Pd', 'VIII/2021-2022', 'Sistem Informasi Pengolahan Raport Siswa Berbasis Web SMKN 2 Bengkulu Tengah', '2022-02-21', '2022-07-21', '2022-02-03', 'Disetujui Koordinator', 'Baru'),
(332, 332, 'G1A019002', '199010182020122012', 'Sistem Informasi Perpustakaan SMA BUDI UTOMO Kota Bengkulu', 'Iskandar, A.Md', 'VI/2021-2022', 'Sistem Informasi Perpustakaan SMA BUDI UTOMO Kota Bengkulu', '2022-02-21', '2022-07-21', '2022-02-03', 'Disetujui Koordinator', 'Baru'),
(333, 333, 'G1A019074', '199411232020122000', 'Sistem Informasi Bimbingan dan Konseling Siswa ', 'Lovi Triono, M.Pd.', 'VI/2021-2022', 'Sistem Informasi Bimbingan dan Konseling Siswa ', '2022-02-21', '2022-07-21', '2022-02-03', 'Disetujui Koordinator', 'Baru'),
(334, 334, 'G1A019025', '198906232018031001', 'Sistem Informasi Perpustakaan Bina Ilmu Bengkulu Tengah', 'Moch. Imran Fawzi', 'VI/2021-2022', 'Sistem Informasi Perpustakaan Bina Ilmu Bengkulu Tengah', '2022-02-21', '2022-07-21', '2022-02-03', 'Disetujui Koordinator', 'Baru'),
(335, 335, 'G1A019029', '199201312019031010', 'Rancang Bangun Sistem Informasi Data Transmigrasi Pada Dinas Ketenagakerjaan Dan Transmigrasi Provinsi Bengkulu', 'Asri Yulianto, S.H.', 'VI/2021-2022', 'Rancang Bangun Sistem Informasi Data Transmigrasi Pada Dinas Ketenagakerjaan Dan Transmigrasi Provinsi Bengkulu', '2022-02-21', '2022-07-21', '2022-02-03', 'Disetujui Koordinator', 'Baru'),
(336, 336, 'G1A018020', '199007092019032025', 'Membuat aplikasi Artificial Intelligence dan solusi penyelesaian masalah berbasi AI', '', 'VIII/2021-2022', 'Membuat aplikasi Artificial Intelligence dan solusi penyelesaian masalah berbasi AI', '2022-02-21', '2022-07-21', '2022-02-03', 'Disetujui Koordinator', 'Baru'),
(337, 337, 'G1A019030', '199411232020122000', 'Sistem Informasi Kependudukan di Kelurahan Panorama Kota Bengkulu', 'A.Syafruddin, S.E.', 'VI/2021-2022', 'Sistem Informasi Kependudukan di Kelurahan Panorama Kota Bengkulu', '2022-02-21', '2022-07-21', '2022-02-03', 'Disetujui Koordinator', 'Baru'),
(338, 338, 'G1A019010', '198112222008011011', 'Capstone Project Machine Learning  Learning Path Berupa Proyek Tematik pada Dunia Nyata', '', 'VI/2021-2022', 'Capstone Project Machine Learning  Learning Path Berupa Proyek Tematik pada Dunia Nyata', '2022-02-21', '2022-07-21', '2022-02-03', 'Disetujui Koordinator', 'Baru'),
(339, 339, 'G1A018008', '199201042019031015', 'Sistem Informasi Pelayanan Surat Kelurahan Kandang Limun Kecamatan Muara Bangkahulu Bengkulu ', 'Heriyet Wirta, SE', 'VIII/2021-2022', 'Sistem Informasi Pelayanan Surat Kelurahan Kandang Limun Kecamatan Muara Bangkahulu Bengkulu ', '2022-02-21', '2022-07-21', '2022-02-03', 'Disetujui Koordinator', 'Baru'),
(340, 340, 'G1A019020', '199201042019031015', 'Sistem Informasi Inventaris Barang SD Negeri 69 Kota Bengkulu', 'Maya Bayasari', 'VI/2021-2022', 'Sistem Informasi Inventaris Barang SD Negeri 69 Kota Bengkulu', '2022-02-21', '2022-07-21', '2022-02-03', 'Disetujui Koordinator', 'Baru'),
(341, 341, 'G1A018048', '198101122005011002', 'Be The Best Top Search Quality Engineer', 'Aisyah Nurulhaqi Syahidah', 'VI/2021-2022', 'Be The Best Top Search Quality Engineer', '2022-02-21', '2022-07-21', '2022-02-03', 'Disetujui Koordinator', 'Baru'),
(342, 342, 'G1A019036', '199201312019031010', 'SISTEM INFORMASI PENDATAAN PRESTASI SMP NEGERI 4 KOTA BENGKULU', 'Marwiyah, S.Pd', 'VI/2021-2022', 'SISTEM INFORMASI PENDATAAN PRESTASI SMP NEGERI 4 KOTA BENGKULU', '2022-02-21', '2022-07-21', '2022-02-03', 'Disetujui Koordinator', 'Baru'),
(343, 343, 'G1A019044', '198906232018031001', 'Sistem Administrasi Skripsi Program Studi Sistem Informasi', 'Dahlia Julita,S.Pd', 'VI/2021-2022', 'Sistem Administrasi Skripsi Program Studi Sistem Informasi', '2022-02-21', '2022-07-21', '2022-02-03', 'Disetujui Koordinator', 'Baru'),
(344, 344, 'G1A018068', '199010182020122012', 'Front End JavaScript', '', 'VIII/2021-2022', 'Front End JavaScript', '2022-02-21', '2022-07-21', '2022-02-03', 'Disetujui Koordinator', 'Baru'),
(345, 345, 'G1A017051', '197812072005012001', 'Sistem Informasi Perpustakaan berbasis website SMA Negeri 7 Kota Bengkulu', 'Kamaludin', 'X/2021-2022', 'Sistem Informasi Perpustakaan berbasis website SMA Negeri 7 Kota Bengkulu', '2022-02-21', '2022-07-21', '2022-02-03', 'Disetujui Koordinator', 'Baru'),
(346, 346, 'G1A018031', '198906232018031001', 'Machine Learning - Learning Path Bangkit Academy', 'Adrianus Yoza Aprilio', 'VI/2021-2022', 'Machine Learning - Learning Path Bangkit Academy', '2022-02-21', '2022-07-21', '2022-02-03', 'Disetujui Koordinator', 'Baru'),
(347, 347, 'G1A018037', '198112222008011011', 'Sistem Informasi Inventory Barang Raafi Komputer Bengkulu Berbasis Website', 'Afni Oktavia', 'VIII/2021-2022', 'Sistem Informasi Inventory Barang Raafi Komputer Bengkulu Berbasis Website', '2022-02-21', '2022-07-21', '2022-02-03', 'Disetujui Koordinator', 'Baru'),
(348, 348, 'G1A019039', '198101122005011002', 'Project akhir akan dilakukan secara berkelompok (5-6 orang), dimana pada project akhir ini nantinya masing - masing tim akan membuat suatu aplikasi atau solusi pemodelan tematik nyata yang dapat digunakan untuk membantu masyarakat.', 'Adrianus Yoza Aprilio', 'VI/2021-2022', 'Project akhir akan dilakukan secara berkelompok (5-6 orang), dimana pada project akhir ini nantinya masing - masing tim akan membuat suatu aplikasi atau solusi pemodelan tematik nyata yang dapat digunakan untuk membantu masyarakat.', '2022-02-21', '2022-07-21', '2022-02-03', 'Disetujui Koordinator', 'Baru'),
(349, 349, 'G1A019072', '199010182020122012', 'PERANCANGAN SISTEM INFORMASI APLIKASI VIRTUAL TOUR BERBASIS WEB SEBAGAI MEDIA INFORMASI DAN PENGENALAN MUSEUM NEGERI BENGKULU', 'Hery Sukoco, S.Hum, M.Hum.', 'VI/2021-2022', 'PERANCANGAN SISTEM INFORMASI APLIKASI VIRTUAL TOUR BERBASIS WEB SEBAGAI MEDIA INFORMASI DAN PENGENALAN MUSEUM NEGERI BENGKULU', '2022-02-21', '2022-07-21', '2022-02-03', 'Disetujui Koordinator', 'Baru'),
(350, 350, 'G1A019065', '199010182020122012', 'Sistem Penerimaan Peserta Didik Baru SMP Negeri 21 Bengkulu', 'Welson Kenedy,S.Pd', 'VI/2021-2022', 'Sistem Penerimaan Peserta Didik Baru SMP Negeri 21 Bengkulu', '2022-02-21', '2022-07-21', '2022-02-03', 'Disetujui Koordinator', 'Baru'),
(351, 351, 'G1A019017', '199411232020122000', 'Pada project akhir, peserta akan dibagi menjadi kelompok untuk mengerjakan proyek tematik pada dunia nyata yang dapat membantu masyarakat', 'Adrianus Yoza Aprilio', 'VI/2021-2022', 'Pada project akhir, peserta akan dibagi menjadi kelompok untuk mengerjakan proyek tematik pada dunia nyata yang dapat membantu masyarakat, dimana satu kelompok terdiri atas 5-6 orang dengan tema yang ditentukan oleh masing-masing kelompok dan harus mendapatkan persetujuan dari mentor.', '2022-02-21', '2022-07-21', '2022-02-03', 'Disetujui Koordinator', 'Baru'),
(352, 352, 'G1A019082', '199007092019032025', 'Sistem Informasi Distribusi Retail CV TRACK 18', 'Nody Rakhmad', 'VI/2021-2022', 'Sistem Informasi Distribusi Retail CV TRACK 18', '2022-02-21', '2022-07-21', '2022-02-03', 'Disetujui Koordinator', 'Baru'),
(353, 353, 'G1A019022', '199201042019031015', 'SISTEM INFORMASI PENDATAAN PRESTASI SISWA SMP NEGERI 21 BENGKULU BERBASIS WEBSITE', 'Welson Kenedy,S.Pd', 'VI/2021-2022', 'SISTEM INFORMASI PENDATAAN PRESTASI SISWA SMP NEGERI 21 BENGKULU BERBASIS WEBSITE', '2022-02-21', '2022-07-21', '2022-02-03', 'Disetujui Koordinator', 'Baru'),
(354, 354, 'G1A019033', '198101122005011002', 'Di project akhir siswa secara berkelompok 5-6 orang akan membuat Capstone Project yang dapat menyelesaikan permasalahan nyata di masyarakat menggunakan permodelan tematik dan Machine Learning.', 'Adrianus Yoza Aprilio', 'VI/2021-2022', 'Di project akhir siswa secara berkelompok(5-6 orang akan membuat Capstone Project yang dapat menyelesaikan permasalahan nyata di masyarakat menggunakan permodelan tematik dan Machine Learning.', '2022-02-21', '2022-07-21', '2022-02-03', 'Disetujui Koordinator', 'Baru'),
(355, 355, 'G1A019003', '198112222008011011', 'Sistem Informasi Manajemen Surat SD Negeri 41 Kota Bengkulu', 'Winda Handiza, S.Pd.', 'VI/2021-2022', 'Sistem Informasi Manajemen Surat SD Negeri 41 Kota Bengkulu', '2022-02-21', '2022-07-21', '2022-02-03', 'Disetujui Koordinator', 'Baru'),
(356, 356, 'G1A019007', '195803051986031007', 'Sistem Informasi Inventaris SD Negeri 41 Kota Bengkulu', 'Meli Fitria, S.Kom.', 'VI/2021-2022', 'Sistem Informasi Inventaris SD Negeri 41 Kota Bengkulu', '2022-02-21', '2022-07-21', '2022-02-03', 'Disetujui Koordinator', 'Baru'),
(357, 357, 'G1A018004', '197812072005012001', 'Sistem Informasi Pendataan Barang Milik Negara di Fakultas Hukum Universitas Bengkulu', 'Rudi Andria, SE., MM', 'VIII/2021-2022', 'Sistem Informasi Pendataan Barang Milik Negara di Fakultas Hukum Universitas Bengkulu', '2022-02-21', '2022-07-21', '2022-02-03', 'Disetujui Koordinator', 'Baru'),
(358, 358, 'G1A018075', '198101122005011002', 'SISTEM INFORMASI SURAT TUGAS PERJALANAN PEGAWAI BERBASIS WEB', 'Susila Rahmi,M.Pd', 'VIII/2021-2022', 'SISTEM INFORMASI SURAT TUGAS PERJALANAN PEGAWAI BERBASIS WEB', '2022-02-21', '2022-07-21', '2022-02-03', 'Disetujui Koordinator', 'Mengulang'),
(359, 359, 'G1A018090', '199411232020122000', 'Sistem Informasi Inventaris Alat dan Barang di SMP Negeri 14 Kota Bengkulu', 'Yulmandani, S.Pd', 'VIII/2021-2022', 'Sistem Informasi Inventaris Alat dan Barang di SMP Negeri 14 Kota Bengkulu', '2022-02-21', '2022-07-21', '2022-02-03', 'Disetujui Koordinator', 'Baru'),
(360, 360, 'G1A019062', '199007092019032025', 'Machine Learning - Learning Path', 'Adrianus Yoza Aprilio', 'VI/2021-2022', 'Machine Learning - Learning Path', '2022-02-21', '2022-07-21', '2022-02-03', 'Disetujui Koordinator', 'Baru'),
(361, 361, 'G1A018092', '198101122005011002', 'Sistem Informasi Perpustakaan ', 'Syamsu .spd. ', 'VIII/2021-2022', 'Sistem Informasi Perpustakaan ', '2022-02-21', '2022-07-21', '2022-02-03', 'Disetujui Koordinator', 'Baru'),
(362, 362, 'G1A018035', '197812072005012001', 'Sistem Informasi Manajemen Aset Kantor Cabang Human Initiative Bengkulu', 'Sugito, S.AP.', 'VIII/2021-2022', 'Sistem Informasi Manajemen Aset Kantor Cabang Human Initiative Bengkulu', '2022-02-21', '2022-07-21', '2022-02-03', 'Disetujui Koordinator', 'Baru'),
(363, 363, 'G1A019081', '199201312019031010', 'Sistem Informasi', 'Berto Usman, S.E., M.Sc., Ph.D', 'VI/2021-2022', 'Sistem Informasi', '2022-02-21', '2022-07-21', '2022-02-03', 'Disetujui Koordinator', 'Baru'),
(364, 364, 'G1A019078', '198205172008121004', 'Sistem Informasi Perpustakaan SMP Negeri 4 Kota Bengkulu ', 'Marwiyah, S.Pd', 'VI/2021-2022', 'Sistem Informasi Perpustakaan SMP Negeri 4 Kota Bengkulu ', '2022-02-21', '2022-07-21', '2022-02-03', 'Disetujui Koordinator', 'Baru'),
(365, 365, 'G1A019093', '195803051986031007', 'SISTEM INFORMASI INVENTARIS BARANG SMPIT IQRA\' KOTA BENGKULU BERBASIS WEBSITE', 'Dizartika, ST.Gr.', 'VI/2021-2022', 'SISTEM INFORMASI INVENTARIS BARANG SMPIT IQRA\' KOTA BENGKULU BERBASIS WEBSITE', '2022-02-21', '2022-07-21', '2022-02-03', 'Disetujui Koordinator', 'Baru'),
(366, 366, 'G1A019063', '199201312019031010', 'SISTEM INFORMASI  INVENTARIS BARANG MENGGUNAKAN QRCODE', 'Muhammad Sugiman, S. Farm', 'VI/2021-2022', 'SISTEM INFORMASI  INVENTARIS BARANG MENGGUNAKAN QRCODE', '2022-02-21', '2022-07-21', '2022-02-03', 'Disetujui Koordinator', 'Baru'),
(367, 367, 'G1A019018', '198411292008122000', 'Sistem informasi Pembayaran SPP Siswa SMKS 9 Muhammadiyah Kota Bengkulu', 'Lensi Soleka, S.Pd', 'VI/2021-2022', 'Sistem informasi Pembayaran SPP Siswa SMKS 9 Muhammadiyah Kota Bengkulu', '2022-02-21', '2022-07-21', '2022-02-03', 'Disetujui Koordinator', 'Baru'),
(368, 368, 'G1A019034', '198411292008122000', 'Bangkit Academy 2022 Mobile Development Learning Path', 'Adrianus Yoza Aprilio', 'VI/2021-2022', 'Bangkit Academy 2022 Mobile Development Learning Path', '2022-02-21', '2022-07-21', '2022-02-03', 'Disetujui Koordinator', 'Baru'),
(369, 369, 'G1A018065', '195803051986031007', 'Sistem Informasi E-Commerce BeanBagShop Berbasis Web', 'Muhammad Reyhan Firdaus', 'VIII/2021-2022', 'Sistem Informasi E-Commerce BeanBagShop Berbasis Web', '2022-02-21', '2022-07-21', '2022-02-03', 'Disetujui Koordinator', 'Baru'),
(370, 370, 'G1A019040', '199007092019032025', 'SISTEM INFORMASI PENDATAAN SKRIPSI MAHASISWA FAKULTAS PERTANIAN UNIVERSITAS MUHAMMADIYAH BENGKULU ', 'Ir. Jon Yawahar, M.Si', 'VI/2021-2022', 'SISTEM INFORMASI PENDATAAN SKRIPSI MAHASISWA FAKULTAS PERTANIAN UNIVERSITAS MUHAMMADIYAH BENGKULU ', '2022-02-21', '2022-07-21', '2022-02-03', 'Disetujui Koordinator', 'Baru'),
(371, 371, 'G1A018082', '199007092019032025', 'Rancang Bangun Aplikasi yang Dibutuhkan untuk Industri pada PT. Marka Kreasi Persada', '', 'VIII/2021-2022', 'Rancang Bangun Aplikasi yang Dibutuhkan untuk Industri pada PT. Marka Kreasi Persada', '2022-02-21', '2022-07-21', '2022-02-03', 'Disetujui Koordinator', 'Baru'),
(372, 372, 'G1A019049', '197812072005012001', 'SISTEM INFORMASI PROFIL SEKOLAH BERBASIS WEB (STUDI KASUS SMP NEGERI 21 KOTA BENGKULU)', 'Welson Kenedy,S.Pd', 'VI/2021-2022', 'SISTEM INFORMASI PROFIL SEKOLAH BERBASIS WEB (STUDI KASUS SMP NEGERI 21 KOTA BENGKULU)', '2022-02-21', '2022-07-21', '2022-02-03', 'Disetujui Koordinator', 'Baru'),
(373, 373, 'G1A019054', '198411292008122000', 'Sistem Informasi Pengelolaan Surat Masuk dan Surat Keluar SDIT IQRA 1 Kota Bengkulu', 'Rupin Sugimujianto, Ip', 'VI/2021-2022', 'Sistem Informasi Pengelolaan Surat Masuk dan Surat Keluar SDIT IQRA 1 Kota Bengkulu', '2022-02-21', '2022-07-21', '2022-02-03', 'Disetujui Koordinator', 'Baru'),
(374, 374, 'G1A019095', '198502042008122002', 'SISTEM INFORMASI PERPUSTAKAAN SMA IT IQRA KOTA BENGKULU', 'Rahma Diana S,Sn.', 'VI/2021-2022', 'SISTEM INFORMASI PERPUSTAKAAN SMA IT IQRA KOTA BENGKULU', '2022-02-21', '2022-07-21', '2022-02-03', 'Disetujui Koordinator', 'Baru'),
(375, 375, 'G1A019085', '195803051986031007', 'Sebuah project akhir dalam bentuk tim (belum di beri tahu)', 'Reza Maulana', 'VI/2021-2022', 'Sebuah project akhir dalam bentuk tim (belum di beri tahu)', '2022-02-21', '2022-07-21', '2022-02-03', 'Disetujui Koordinator', 'Baru'),
(376, 376, 'G1A019023', '198411292008122000', 'Project Akhir dalam bentuk tim (belum diberi tahu)', 'Reza Maulana', 'VI/2021-2022', 'Project Akhir dalam bentuk tim (belum diberi tahu)', '2022-02-21', '2022-07-21', '2022-02-03', 'Disetujui Koordinator', 'Baru'),
(377, 377, 'G1A019035', '198906232018031001', 'Sistem Informasi Perpustakaan SMP Negeri 1 Kota Bengkulu', 'Tias Tuti Handayani, S.Pd.', 'VI/2021-2022', 'Sistem Informasi Perpustakaan SMP Negeri 1 Kota Bengkulu', '2022-02-21', '2022-07-21', '2022-02-03', 'Disetujui Koordinator', 'Baru'),
(378, 378, 'G1A019089', '195803051986031007', 'SISTEM INFORMASI PERPUSTAKAAN SDIT AL-MARJAN', 'Ahmad Sajuli, S.Pd', 'VI/2021-2022', 'SISTEM INFORMASI PERPUSTAKAAN SDIT AL-MARJAN', '2022-02-21', '2022-07-21', '2022-02-03', 'Disetujui Koordinator', 'Baru'),
(379, 379, 'G1A019027', '199411232020122000', 'Pendaftaran Siswa Baru SDIT Al-Marjan', 'Ahmad Sajuli, S.Pd', 'VI/2021-2022', 'Pendaftaran Siswa Baru SDIT Al-Marjan', '2022-02-21', '2022-07-21', '2022-02-03', 'Disetujui Koordinator', 'Baru'),
(380, 380, 'G1A019092', '199201312019031010', 'Sistem Informasi Inventaris', 'Ahmad Sajuli S.pd', 'VI/2021-2022', 'Sistem Informasi Inventaris', '2022-02-21', '2022-07-21', '2022-02-03', 'Disetujui Koordinator', 'Baru'),
(381, 381, 'G1A019094', '199201042019031015', 'SISTEM INFORMASI KASIR TOKO BAHAN BANGUNAN DAN KAYU MAN KOTA BENGKULU', 'HERMANSYAH', 'VI/2021-2022', 'SISTEM INFORMASI KASIR TOKO BAHAN BANGUNAN DAN KAYU MAN KOTA BENGKULU', '2022-02-21', '2022-07-21', '2022-02-03', 'Disetujui Koordinator', 'Baru'),
(382, 382, 'G1A019024', '199411232020122000', 'Sistem Informasi Manajemen Sekolah SDIT Al-Marjan Kota Bengkulu', 'Ahmad Sajuli, S.Pd.', 'VI/2021-2022', 'Sistem Informasi Manajemen Sekolah SDIT Al-Marjan Kota Bengkulu', '2022-02-21', '2022-07-21', '2022-02-03', 'Disetujui Koordinator', 'Baru'),
(383, 383, 'G1A019008', '198411292008122000', 'Sistem Informasi Monitoring Surat Masuk dan Surat Keluar dengan Tanda Tangan Digital', 'Fahmi Renatha, S.STP', 'VI/2021-2022', 'Sistem Informasi Monitoring Surat Masuk dan Surat Keluar dengan Tanda Tangan Digital', '2022-02-21', '2022-07-21', '2022-02-03', 'Disetujui Koordinator', 'Baru'),
(384, 384, 'G1A019086', '195803051986031007', 'Sistem Informasi Inventaris SMP Negeri 22 Kota Bengkulu', 'Rachmawati, S.Pd.', 'VI/2021-2022', 'Sistem Informasi Inventaris SMP Negeri 22 Kota Bengkulu', '2022-02-21', '2022-07-21', '2022-02-03', 'Disetujui Koordinator', 'Baru'),
(385, 385, 'G1A019088', '197812072005012001', 'Pelayanan dan Pengarsipan Surat Berbasis WEB SMAIT IQRA Kota Bengkulu', 'Sri Dewi Aprianti, S.Pd.Gr.', 'VI/2021-2022', 'Pelayanan dan Pengarsipan Surat Berbasis WEB SMAIT IQRA Kota Bengkulu', '2022-02-21', '2022-07-21', '2022-02-03', 'Disetujui Koordinator', 'Baru'),
(386, 386, 'G1A019077', '198411292008122000', 'Sistem Informasi Penjadwalan Protokoler Kegiatan Gubernur', 'Tri Kurniawan, S.E', 'VI/2021-2022', 'Sistem Informasi Penjadwalan Protokoler Kegiatan Gubernur', '2022-02-21', '2022-07-21', '2022-02-03', 'Disetujui Koordinator', 'Baru'),
(387, 387, 'G1A019046', '198112222008011011', 'Sistem Pendeteksian Kemiripan Judul Skripsi Jurusan Sosial Ekonomi Universitas Bengkulu', 'Agung Trisusilo., SP., MP', 'VI/2021-2022', 'Sistem Pendeteksian Kemiripan Judul Skripsi Jurusan Sosial Ekonomi Universitas Bengkulu', '2022-02-21', '2022-07-21', '2022-02-03', 'Disetujui Koordinator', 'Baru'),
(388, 388, 'G1A019026', '198906232018031001', 'Capstone Project Web Development - Learning Path berupa proyek pembuatan online shop dan blog dalam satu website', '', 'VI/2021-2022', 'Capstone Project Web Development - Learning Path berupa proyek pembuatan online shop dan blog dalam satu website', '2022-02-21', '2022-07-21', '2022-02-03', 'Disetujui Koordinator', 'Baru'),
(389, 389, 'G1A019066', '198906232018031001', 'ACCELERATED MACHINE LEARNING PATH STUDI INDEPENDENT BERSERTIFIKAT BATCH 2 BY ZENIUS ', '', 'VI/2021-2022', 'ACCELERATED MACHINE LEARNING PATH STUDI INDEPENDENT BERSERTIFIKAT BATCH 2 BY ZENIUS ', '2022-02-21', '2022-07-21', '2022-02-03', 'Disetujui Koordinator', 'Baru'),
(390, 390, 'G1A019011', '198112222008011011', 'Sistem Informasi Pelayanan dan Pengarsipan Surat Berbasis Web SMA Negeri 4 Kota Bengkulu', 'Anita Ratna Indrasari Sitorus', 'VI/2021-2022', 'Sistem Informasi Pelayanan dan Pengarsipan Surat Berbasis Web SMA Negeri 4 Kota Bengkulu', '2022-02-21', '2022-07-21', '2022-02-03', 'Disetujui Koordinator', 'Baru'),
(391, 391, 'G1A019005', '197812072005012001', 'Sistem Informasi Layanan Cuti Pegawai Berbasis Web (Studi Kasus: Kantor Badan Kepegawaian Daerah Provinsi Bengkulu)', 'Hasnul Basri', 'VI/2021-2022', 'Sistem Informasi Layanan Cuti Pegawai Berbasis Web (Studi Kasus: Kantor Badan Kepegawaian Daerah Provinsi Bengkulu)', '2022-02-21', '2022-07-21', '2022-02-03', 'Disetujui Koordinator', 'Baru'),
(392, 392, 'G1A019098', '199007092019032025', 'ACCELERATED MACHINE LEARNING PROGRAM PROGRAM ZENIUS STUDI INDEPENDEN BERSERTIFIKAT', '', 'VI/2021-2022', 'ACCELERATED MACHINE LEARNING PROGRAM PROGRAM ZENIUS STUDI INDEPENDEN BERSERTIFIKAT', '2022-02-21', '2022-07-21', '2022-02-03', 'Disetujui Koordinator', 'Baru'),
(393, 393, 'G1A019012', '199007092019032025', 'Game Edukasi Media Pembelajaran Gerak Untuk Anak Usia Dini Berbass Android', 'Yahya Eko Nopiyanto, S.Pd., M.Pd.', 'VI/2021-2022', 'Game Edukasi Media Pembelajaran Gerak Untuk Anak Usia Dini Berbass Android', '2022-02-21', '2022-07-21', '2022-02-03', 'Disetujui Koordinator', 'Baru'),
(394, 394, 'G1A019057', '195803051986031007', 'Sistem Informasi Perpustakaan SMPIT IQRA\' Kota Bengkulu', 'Dizartika. S.T., Gr', 'VI/2021-2022', 'Sistem Informasi Perpustakaan SMPIT IQRA\' Kota Bengkulu', '2022-02-21', '2022-07-21', '2022-02-03', 'Disetujui Koordinator', 'Baru'),
(395, 395, 'G1A018033', '199010182020122012', 'SI ABSENSI GURU, PEGAWAI, SISWA BERBASIS WEB SMKS 8 GRAKARSA', 'MUKHRIZAL', 'VIII/2021-2022', 'SI ABSENSI GURU, PEGAWAI, SISWA BERBASIS WEB SMKS 8 GRAKARSA', '2022-02-21', '2022-07-21', '2022-02-03', 'Disetujui Koordinator', 'Baru'),
(396, 396, 'G1A018003', '199201042019031015', 'SI absensi siswa smks 8 grakarsa bengkulu', 'Mukhrizal', 'VIII/2021-2022', 'SI absensi siswa smks 8 grakarsa bengkulu', '2022-02-21', '2022-07-21', '2022-02-03', 'Disetujui Koordinator', 'Baru'),
(397, 397, 'G1A019032', '199201312019031010', 'SI Inventaris SMA IT IQRA', 'Rahma Diana,S.Sn', 'VI/2021-2022', 'SI Inventaris SMA IT IQRA', '2022-02-21', '2022-07-21', '2022-02-03', 'Disetujui Koordinator', 'Baru'),
(398, 398, 'G1A019043', '198112222008011011', 'Rancang Bangun Website Profile Ormawa Paralegal Fakultas Hukum Universitas Bengkulu', 'Muhammad Fahmi Alif', 'VI/2021-2022', 'Rancang Bangun Website Profile Ormawa Paralegal Fakultas Hukum Universitas Bengkulu', '2022-02-21', '2022-07-21', '2022-02-03', 'Disetujui Koordinator', 'Baru'),
(399, 399, 'G1A019075', '198205172008121004', 'Sistem Informasi Inventaris di SMK IT Arsitek Kota Bengkulu', 'Nuryamah, S.Pd', 'VI/2021-2022', 'Sistem Informasi Inventaris di SMK IT Arsitek Kota Bengkulu', '2022-02-21', '2022-07-21', '2022-02-03', 'Disetujui Koordinator', 'Baru'),
(400, 400, 'G1A019031', '199201312019031010', 'SISTEM INFORMASI PENERIMAAN PESERTA DIDIK BARU SMK IT ARSITEK KOTA BENGKULU', 'Nuryamah,S.Pd', 'VI/2021-2022', 'SISTEM INFORMASI PENERIMAAN PESERTA DIDIK BARU SMK IT ARSITEK KOTA BENGKULU', '2022-02-21', '2022-07-21', '2022-02-03', 'Disetujui Koordinator', 'Baru'),
(401, 401, 'G1A019028', '199201312019031010', 'Sistem Informasi Perpustakaan SMK IT Arsitek Kota Bengkulu', 'Nuryamah, S.Pd', 'VI/2021-2022', 'Sistem Informasi Perpustakaan SMK IT Arsitek Kota Bengkulu', '2022-02-21', '2022-07-21', '2022-02-03', 'Disetujui Koordinator', 'Baru'),
(402, 402, 'G1A019051', '198112222008011011', 'SISTEM INFORMASI PENCARIAN JUDUL BUKU PERPUSTAKAAN (STUDI KASUS : FAKULTAS PERTANIAN JURUSAN SOSIAL EKONOMI)', 'Ridha Rizki Novanda, S.E., M.Si', 'VI/2021-2022', 'SISTEM INFORMASI PENCARIAN JUDUL BUKU PERPUSTAKAAN (STUDI KASUS : FAKULTAS PERTANIAN JURUSAN SOSIAL EKONOMI)', '2022-02-21', '2022-07-21', '2022-02-03', 'Disetujui Koordinator', 'Baru'),
(403, 403, 'G1A019076', '198906232018031001', 'Capstone Project Tim Development ', '', 'VI/2021-2022', 'Capstone Project Tim Development ', '2022-02-21', '2022-07-21', '2022-02-03', 'Disetujui Koordinator', 'Baru'),
(404, 404, 'G1A019001', '197812072005012001', 'Sistem Informasi Kepegawaian', '', 'VI/2021-2022', 'Sistem Informasi Kepegawaian', '2022-02-21', '2022-07-21', '2022-02-03', 'Disetujui Koordinator', 'Baru'),
(405, 405, 'G1A019061', '199201042019031015', 'Sistem Informasi Monitoring Penelitian dan Pengabdian Masyarakat di Fakultas Teknik Universitas Bengkulu ', 'Helmizar, S.T., M.T., Ph.D.', 'VI/2021-2022', 'Sistem Informasi Monitoring Penelitian dan Pengabdian Masyarakat di Fakultas Teknik Universitas Bengkulu ', '2022-02-21', '2022-07-21', '2022-02-03', 'Disetujui Koordinator', 'Baru'),
(406, 406, 'G1A019047', '198205172008121004', 'Scalable Web Services with Golang', '', 'VI/2021-2022', 'Scalable Web Services with Golang', '2022-02-21', '2022-07-21', '2022-02-03', 'Disetujui Koordinator', 'Baru'),
(407, 407, 'G1A019038', '198205172008121004', 'Sistem Informasi Pendaftaran Ujian Munaqasyah Di Jurusan Dakwah Universitas Islam Negeri Fatmawati Sukarno Bengkulu', 'Andang Sunarto, Ph.D.', 'VI/2021-2022', 'Sistem Informasi Pendaftaran Ujian Munaqasyah Di Jurusan Dakwah Universitas Islam Negeri Fatmawati Sukarno Bengkulu', '2022-02-21', '2022-07-21', '2022-02-03', 'Disetujui Koordinator', 'Baru');
INSERT INTO `tb_kerjapraktik` (`id_kp`, `id_lks`, `npm`, `nip`, `judul`, `nama_pl`, `semester_ta`, `uraian`, `jangka_waktu_s`, `jangka_waktu_e`, `tgl_pengajuan`, `status`, `keterangan`) VALUES
(408, 408, 'G1A019041', '198101122005011002', 'Sistem Informasi Manajemen Pengarsipan Surat Berbasis Web pada SMAN 8 Kota Bengkulu', 'Syamsul Bahri, S.Pd.', 'VI/2021-2022', 'Sistem Informasi Manajemen Pengarsipan Surat Berbasis Web pada SMAN 8 Kota Bengkulu', '2022-02-21', '2022-07-21', '2022-02-03', 'Disetujui Koordinator', 'Baru'),
(409, 409, 'G1A019091', '199201042019031015', 'Become a Master of Golang Programme Batch 2', '', 'VI/2021-2022', 'Become a Master of Golang Programme Batch 2', '2022-02-21', '2022-07-21', '2022-02-03', 'Disetujui Koordinator', 'Baru');

-- --------------------------------------------------------

--
-- Table structure for table `tb_login`
--

CREATE TABLE `tb_login` (
  `id_user` int(11) NOT NULL,
  `username` varchar(18) NOT NULL,
  `password` varchar(100) NOT NULL,
  `nama` varchar(45) NOT NULL,
  `email` varchar(45) NOT NULL,
  `level` varchar(5) NOT NULL COMMENT '1:Koordinator, 2:Dosen, 3:Mahasiswa',
  `status` varchar(25) NOT NULL COMMENT '1:Tidak Aktif, 2:Aktif'
) ENGINE=InnoDB DEFAULT CHARSET=utf8mb4;

--
-- Dumping data for table `tb_login`
--

INSERT INTO `tb_login` (`id_user`, `username`, `password`, `nama`, `email`, `level`, `status`) VALUES
(29, 'koordinator', '172eafbe7b1a887eaf6f53094dd7e299', 'Ferzha Putra Utama, S.T., M.Eng', 'ferzha@gmail.com', '1', '2'),
(68, '198112222008011011', '63d9b3623e82a29894f08b5a2c663892', '', '', '2', '2'),
(69, '198906232018031001', '63d9b3623e82a29894f08b5a2c663892', '', '', '2', '2'),
(70, '199201312019031010', '63d9b3623e82a29894f08b5a2c663892', '', '', '2', '2'),
(71, '198502042008122002', '63d9b3623e82a29894f08b5a2c663892', '', '', '2', '2'),
(72, '197812072005012001', '63d9b3623e82a29894f08b5a2c663892', '', '', '2', '2'),
(73, '197610052005012002', '63d9b3623e82a29894f08b5a2c663892', '', '', '2', '2'),
(74, '195803051986031009', '63d9b3623e82a29894f08b5a2c663892', '', '', '2', '2'),
(75, '195904241986021002', '63d9b3623e82a29894f08b5a2c663892', '', '', '2', '2'),
(76, '198701272012122001', '63d9b3623e82a29894f08b5a2c663892', '', '', '2', '2'),
(77, '197308142006042001', '63d9b3623e82a29894f08b5a2c663892', '', '', '2', '2'),
(78, '198205172008121004', '63d9b3623e82a29894f08b5a2c663892', '', '', '2', '2'),
(79, '199007092019032025', '63d9b3623e82a29894f08b5a2c663892', '', '', '2', '2'),
(80, '198901182015042004', '63d9b3623e82a29894f08b5a2c663892', '', '', '2', '1'),
(81, '199201042019031015', '63d9b3623e82a29894f08b5a2c663892', '', '', '2', '2'),
(82, '199411232020122000', '63d9b3623e82a29894f08b5a2c663892', '', '', '2', '2'),
(83, '198101122005011002', '63d9b3623e82a29894f08b5a2c663892', '', '', '2', '2'),
(84, '198411292008122000', '63d9b3623e82a29894f08b5a2c663892', '', '', '2', '2'),
(85, '199010182020122012', '63d9b3623e82a29894f08b5a2c663892', '', '', '2', '2'),
(86, '198909032015041004', '63d9b3623e82a29894f08b5a2c663892', '', '', '2', '2'),
(87, 'G1A013012', 'f4a9bdd7a328c6f106e4eaf570185cbc', 'Bimo Aditya Prayoga', '', '3', '2'),
(88, 'G1A013038', 'f4a9bdd7a328c6f106e4eaf570185cbc', 'Latifah Nur Aini', '', '3', '2'),
(89, 'G1A014003', 'f4a9bdd7a328c6f106e4eaf570185cbc', 'Selvia Gatriani', '', '3', '2'),
(90, 'G1A014004', 'f4a9bdd7a328c6f106e4eaf570185cbc', 'Dita Retnowati', '', '3', '2'),
(91, 'G1A014005', 'f4a9bdd7a328c6f106e4eaf570185cbc', 'Rizka Yulia Ningsih', '', '3', '2'),
(92, 'G1A014006', 'f4a9bdd7a328c6f106e4eaf570185cbc', 'Aryani', '', '3', '2'),
(93, 'G1A014007', 'f4a9bdd7a328c6f106e4eaf570185cbc', 'Warda Vesti Susilawati', '', '3', '2'),
(94, 'G1A014008', 'f4a9bdd7a328c6f106e4eaf570185cbc', 'Eka Meliyen D.S.', '', '3', '2'),
(95, 'G1A014009', 'f4a9bdd7a328c6f106e4eaf570185cbc', 'Regita Cahyanti', '', '3', '2'),
(96, 'G1A014010', 'f4a9bdd7a328c6f106e4eaf570185cbc', 'Efajriani Tri Mareta', '', '3', '2'),
(97, 'G1A014011', 'f4a9bdd7a328c6f106e4eaf570185cbc', 'Kurnia Nutriana Sitepu', '', '3', '2'),
(98, 'G1A014012', 'f4a9bdd7a328c6f106e4eaf570185cbc', 'Hafzatin Nurlatifa', '', '3', '2'),
(99, 'G1A014013', 'f4a9bdd7a328c6f106e4eaf570185cbc', 'M. Irfan Septiyanda', '', '3', '2'),
(100, 'G1A014014', 'f4a9bdd7a328c6f106e4eaf570185cbc', 'Dimas Kurniawan W.', '', '3', '2'),
(101, 'G1A014015', 'f4a9bdd7a328c6f106e4eaf570185cbc', 'Rabbiatun Jumiyanti', '', '3', '2'),
(102, 'G1A014018', 'f4a9bdd7a328c6f106e4eaf570185cbc', 'Rezki Oksaputri', '', '3', '2'),
(103, 'G1A014020', 'f4a9bdd7a328c6f106e4eaf570185cbc', 'M. Rodhi Supriyadi', '', '3', '2'),
(104, 'G1A014024', 'f4a9bdd7a328c6f106e4eaf570185cbc', 'Randi Mahaputra', '', '3', '2'),
(105, 'G1A014028', 'f4a9bdd7a328c6f106e4eaf570185cbc', 'Siti Hafiza', '', '3', '2'),
(106, 'G1A014031', 'f4a9bdd7a328c6f106e4eaf570185cbc', 'Ryu River Saputra', '', '3', '2'),
(107, 'G1A014034', 'f4a9bdd7a328c6f106e4eaf570185cbc', 'Breygas Andra', '', '3', '2'),
(108, 'G1A014036', 'f4a9bdd7a328c6f106e4eaf570185cbc', 'Afief Husamudin', '', '3', '2'),
(109, 'G1A014038', 'f4a9bdd7a328c6f106e4eaf570185cbc', 'Ayu Novitasari', '', '3', '2'),
(110, 'G1A014040', 'f4a9bdd7a328c6f106e4eaf570185cbc', 'John Kenedy', '', '3', '2'),
(111, 'G1A014041', 'f4a9bdd7a328c6f106e4eaf570185cbc', 'Rafles Abdi Putra', '', '3', '2'),
(112, 'G1A014042', 'f4a9bdd7a328c6f106e4eaf570185cbc', 'Rachmi Uliza Hasibuan', '', '3', '2'),
(113, 'G1A014043', 'f4a9bdd7a328c6f106e4eaf570185cbc', 'Angga Nurwanto', '', '3', '2'),
(114, 'G1A014045', 'f4a9bdd7a328c6f106e4eaf570185cbc', 'Amanatuzzahrah', '', '3', '2'),
(115, 'G1A014046', 'f4a9bdd7a328c6f106e4eaf570185cbc', 'Olivia Safitri', '', '3', '2'),
(116, 'G1A014047', 'f4a9bdd7a328c6f106e4eaf570185cbc', 'Yudha Niagara', '', '3', '2'),
(117, 'G1A014049', 'f4a9bdd7a328c6f106e4eaf570185cbc', 'Reza Eka Putra', '', '3', '2'),
(118, 'G1A015001', 'f4a9bdd7a328c6f106e4eaf570185cbc', 'NOVI APRIYANA', '', '3', '2'),
(119, 'G1A015002', 'f4a9bdd7a328c6f106e4eaf570185cbc', 'MUHAMMAD FIKRI IHSAN', '', '3', '2'),
(120, 'G1A015003', 'f4a9bdd7a328c6f106e4eaf570185cbc', 'HERU SYAH PUTRA', '', '3', '2'),
(121, 'G1A015004', 'f4a9bdd7a328c6f106e4eaf570185cbc', 'ROMDHONI SANI MILIANA', '', '3', '2'),
(122, 'G1A015007', 'f4a9bdd7a328c6f106e4eaf570185cbc', 'QOLBY YOSTRA EVANT ADHA', '', '3', '2'),
(123, 'G1A015008', 'f4a9bdd7a328c6f106e4eaf570185cbc', 'MUHAMMAD AKBARUL JALAL', '', '3', '2'),
(124, 'G1A015009', 'f4a9bdd7a328c6f106e4eaf570185cbc', 'ANNISA ARSY TIARA', '', '3', '2'),
(125, 'G1A015011', 'f4a9bdd7a328c6f106e4eaf570185cbc', 'FAISEN BAKTI', '', '3', '2'),
(126, 'G1A015012', 'f4a9bdd7a328c6f106e4eaf570185cbc', 'ANDI IRVAN ZAKARIA', '', '3', '2'),
(127, 'G1A015013', 'f4a9bdd7a328c6f106e4eaf570185cbc', 'WIDIA OKTARIANTI', '', '3', '2'),
(128, 'G1A015016', 'f4a9bdd7a328c6f106e4eaf570185cbc', 'AJI DWI HERZA NOVARIADI', '', '3', '2'),
(129, 'G1A015019', 'f4a9bdd7a328c6f106e4eaf570185cbc', 'OKI NOPRIANTO', '', '3', '2'),
(130, 'G1A015020', 'f4a9bdd7a328c6f106e4eaf570185cbc', 'ILYOS ABDI SUDRAJAT', '', '3', '2'),
(131, 'G1A015021', 'f4a9bdd7a328c6f106e4eaf570185cbc', 'M. RAKA MAULANA ALAN', '', '3', '2'),
(132, 'G1A015022', 'f4a9bdd7a328c6f106e4eaf570185cbc', 'AGIEF MUFTAHID', '', '3', '2'),
(133, 'G1A015023', 'f4a9bdd7a328c6f106e4eaf570185cbc', 'WIKA ANDITA', '', '3', '2'),
(134, 'G1A015024', 'f4a9bdd7a328c6f106e4eaf570185cbc', 'NADINE DWI PERTIWI', '', '3', '2'),
(135, 'G1A015025', 'f4a9bdd7a328c6f106e4eaf570185cbc', 'CAKRA BINTANG M', '', '3', '2'),
(136, 'G1A015026', 'f4a9bdd7a328c6f106e4eaf570185cbc', 'NANDA SATRIAWAN', '', '3', '2'),
(137, 'G1A015027', 'f4a9bdd7a328c6f106e4eaf570185cbc', 'MUHAMMAD RIVALDI', '', '3', '2'),
(138, 'G1A015028', 'f4a9bdd7a328c6f106e4eaf570185cbc', 'SUDARTI SIBURIAN', '', '3', '2'),
(139, 'G1A015030', 'f4a9bdd7a328c6f106e4eaf570185cbc', 'YOSAN FREDIANTO', '', '3', '2'),
(140, 'G1A015032', 'f4a9bdd7a328c6f106e4eaf570185cbc', 'HERIZA MAHENDRA', '', '3', '2'),
(141, 'G1A015033', 'f4a9bdd7a328c6f106e4eaf570185cbc', 'MAHDARINA NASUTION', '', '3', '2'),
(142, 'G1A015035', 'f4a9bdd7a328c6f106e4eaf570185cbc', 'FERMAN NATAMA HALOHO', '', '3', '2'),
(143, 'G1A015036', 'f4a9bdd7a328c6f106e4eaf570185cbc', 'PUPUT PURNAMA SARI', '', '3', '2'),
(144, 'G1A015039', 'f4a9bdd7a328c6f106e4eaf570185cbc', 'DANI PANGESTU', '', '3', '2'),
(145, 'G1A015042', 'f4a9bdd7a328c6f106e4eaf570185cbc', 'SANI PUTRIANA', '', '3', '2'),
(146, 'G1A015044', 'f4a9bdd7a328c6f106e4eaf570185cbc', 'REYNALDI SUMANTRI NUGRAHA', '', '3', '2'),
(147, 'G1A015046', 'f4a9bdd7a328c6f106e4eaf570185cbc', 'UGIK RACHMAD ANUGRAH', '', '3', '2'),
(148, 'G1A015052', 'f4a9bdd7a328c6f106e4eaf570185cbc', 'MIKKO ADRIAN', '', '3', '2'),
(149, 'G1A015054', 'f4a9bdd7a328c6f106e4eaf570185cbc', 'AFIBEL NADHIFA TAMARUZ', '', '3', '2'),
(150, 'G1A015056', 'f4a9bdd7a328c6f106e4eaf570185cbc', 'ADI AHMAD JALIL', '', '3', '2'),
(151, 'G1A015057', 'f4a9bdd7a328c6f106e4eaf570185cbc', 'M. YANUAR AFIF FURQAN', '', '3', '2'),
(152, 'G1A015058', 'f4a9bdd7a328c6f106e4eaf570185cbc', 'BIMO PRASETYO', '', '3', '2'),
(153, 'G1A015061', 'f4a9bdd7a328c6f106e4eaf570185cbc', 'ERICH ADINAL ADRIAN', '', '3', '2'),
(154, 'G1A015062', 'f4a9bdd7a328c6f106e4eaf570185cbc', 'PRIMA MARDONA', '', '3', '2'),
(155, 'G1A015063', 'f4a9bdd7a328c6f106e4eaf570185cbc', 'ADITIA ROMUALDO', '', '3', '2'),
(156, 'G1A015064', 'f4a9bdd7a328c6f106e4eaf570185cbc', 'EKA AGUSTIN', '', '3', '2'),
(157, 'G1A015065', 'f4a9bdd7a328c6f106e4eaf570185cbc', 'RICKY SADEWA', '', '3', '2'),
(158, 'G1A015068', 'f4a9bdd7a328c6f106e4eaf570185cbc', 'RIKI ZULFAHMI', '', '3', '2'),
(159, 'G1A015069', 'f4a9bdd7a328c6f106e4eaf570185cbc', 'ILHAM AKBAR DONNY', '', '3', '2'),
(160, 'G1A015070', 'f4a9bdd7a328c6f106e4eaf570185cbc', 'ERLIA YUASTIKA', '', '3', '2'),
(161, 'G1A015073', 'f4a9bdd7a328c6f106e4eaf570185cbc', 'M. FAKHRI HUSAENI', '', '3', '2'),
(162, 'G1A015076', 'f4a9bdd7a328c6f106e4eaf570185cbc', 'FENTY OKTAVIA', '', '3', '2'),
(163, 'G1A015078', 'f4a9bdd7a328c6f106e4eaf570185cbc', 'SYIFA MAWADDAH', '', '3', '2'),
(164, 'G1A015079', 'f4a9bdd7a328c6f106e4eaf570185cbc', 'FRANKY HERNOZA', '', '3', '2'),
(165, 'G1A015080', 'f4a9bdd7a328c6f106e4eaf570185cbc', 'DYAH TRI SAZMITA', '', '3', '2'),
(166, 'G1A015082', 'f4a9bdd7a328c6f106e4eaf570185cbc', 'NOVIA BELLA VISTA', '', '3', '2'),
(167, 'G1A015085', 'f4a9bdd7a328c6f106e4eaf570185cbc', 'RIDHO ANDRIANO', '', '3', '2'),
(168, 'G1A015086', 'f4a9bdd7a328c6f106e4eaf570185cbc', 'MIRANTI NOPITA SARI', '', '3', '2'),
(169, 'G1A015037', 'f4a9bdd7a328c6f106e4eaf570185cbc', 'MUHAMMAD ANUGRAH AL FAJRI', '', '3', '2'),
(170, 'G1A015040', 'f4a9bdd7a328c6f106e4eaf570185cbc', 'ADI YULIANTO', '', '3', '2'),
(171, 'G1A015047', 'f4a9bdd7a328c6f106e4eaf570185cbc', 'ANJAS NAUFAL MOCHSAN', '', '3', '2'),
(172, 'G1A015055', 'f4a9bdd7a328c6f106e4eaf570185cbc', 'SYOFIAN IRWANDA', '', '3', '2'),
(173, 'G1A015067', 'f4a9bdd7a328c6f106e4eaf570185cbc', 'M NAUFAL PRATAMA PUTRA', '', '3', '2'),
(174, 'G1A015072', 'f4a9bdd7a328c6f106e4eaf570185cbc', 'ANDRIAN MUKHTADIN', '', '3', '2'),
(175, 'G1A015081', 'f4a9bdd7a328c6f106e4eaf570185cbc', 'KRISNA PRASTIO', '', '3', '2'),
(176, 'G1A016001', 'f4a9bdd7a328c6f106e4eaf570185cbc', 'DINILAKEPEAL VICI', '', '3', '2'),
(177, 'G1A016003', 'f4a9bdd7a328c6f106e4eaf570185cbc', 'YOSI HERIANTI', '', '3', '2'),
(178, 'G1A016009', 'f4a9bdd7a328c6f106e4eaf570185cbc', 'LEKAT HARYANI', '', '3', '2'),
(179, 'G1A016018', 'f4a9bdd7a328c6f106e4eaf570185cbc', 'NURAINI', '', '3', '2'),
(180, 'G1A016022', 'f4a9bdd7a328c6f106e4eaf570185cbc', 'JOPA YOPENTO', '', '3', '2'),
(181, 'G1A016024', 'f4a9bdd7a328c6f106e4eaf570185cbc', 'FAISAL INASRI HIDAYAT', '', '3', '2'),
(182, 'G1A016027', 'f4a9bdd7a328c6f106e4eaf570185cbc', 'VIVIN PURNAMA RANI', '', '3', '2'),
(183, 'G1A016030', 'f4a9bdd7a328c6f106e4eaf570185cbc', 'FURQON AFFANDI', '', '3', '2'),
(184, 'G1A016041', 'f4a9bdd7a328c6f106e4eaf570185cbc', 'RIZQI DESTA SARI', '', '3', '2'),
(185, 'G1A016046', 'f4a9bdd7a328c6f106e4eaf570185cbc', 'AJEI IBNU RAHMAT', '', '3', '2'),
(186, 'G1A016055', 'f4a9bdd7a328c6f106e4eaf570185cbc', 'ABI DARYANSYAH', '', '3', '2'),
(187, 'G1A016066', 'f4a9bdd7a328c6f106e4eaf570185cbc', 'IRVAN ALFAJRI', '', '3', '2'),
(188, 'G1A016080', 'f4a9bdd7a328c6f106e4eaf570185cbc', 'M IMAM FARUQ BUDIMAN', '', '3', '2'),
(189, 'G1A016086', 'f4a9bdd7a328c6f106e4eaf570185cbc', 'BAYU AJI MUCHAROM', '', '3', '2'),
(190, 'G1A015045', 'f4a9bdd7a328c6f106e4eaf570185cbc', 'Lendra Kristian', '', '3', '2'),
(191, 'G1A016005', 'f4a9bdd7a328c6f106e4eaf570185cbc', 'TIAN HARDI', '', '3', '2'),
(192, 'G1A016037', 'f4a9bdd7a328c6f106e4eaf570185cbc', 'DIMAS MAHARDIKA', '', '3', '2'),
(193, 'G1A016047', 'f4a9bdd7a328c6f106e4eaf570185cbc', 'Noval Rizkiansyah', '', '3', '2'),
(194, 'G1A016061', 'f4a9bdd7a328c6f106e4eaf570185cbc', 'Adjie Mahreza Nugraha', '', '3', '2'),
(195, 'G1A016074', 'f4a9bdd7a328c6f106e4eaf570185cbc', 'WIHRALDO PUTRA HELMILIAN', '', '3', '2'),
(196, 'G1A016084', 'f4a9bdd7a328c6f106e4eaf570185cbc', 'Irwan Rahmadi', '', '3', '2'),
(197, 'G1A017001', 'f4a9bdd7a328c6f106e4eaf570185cbc', 'Yunasti', '', '3', '2'),
(198, 'G1A017002', 'f4a9bdd7a328c6f106e4eaf570185cbc', 'ATISAH AMSAKA RIZKA', '', '3', '2'),
(199, 'G1A017003', 'f4a9bdd7a328c6f106e4eaf570185cbc', 'Gina Laxmi Yolanda', '', '3', '2'),
(200, 'G1A017004', 'f4a9bdd7a328c6f106e4eaf570185cbc', 'Dwi Utari', '', '3', '2'),
(201, 'G1A017005', 'f4a9bdd7a328c6f106e4eaf570185cbc', 'SATRIANI PUTRI', '', '3', '2'),
(202, 'G1A017006', 'f4a9bdd7a328c6f106e4eaf570185cbc', 'DHELA SALSABILAH DILIYANTI', '', '3', '2'),
(203, 'G1A017007', 'f4a9bdd7a328c6f106e4eaf570185cbc', 'Adeliana Puteri', '', '3', '2'),
(204, 'G1A017008', 'f4a9bdd7a328c6f106e4eaf570185cbc', 'Febri Yalda Sulistia', '', '3', '2'),
(205, 'G1A017010', 'f4a9bdd7a328c6f106e4eaf570185cbc', 'DANNY PRIHANDOKO', '', '3', '2'),
(206, 'G1A017012', 'f4a9bdd7a328c6f106e4eaf570185cbc', 'Yogi Afrizah', '', '3', '2'),
(207, 'G1A017014', 'f4a9bdd7a328c6f106e4eaf570185cbc', 'Nur Faizah', '', '3', '2'),
(208, 'G1A017017', 'f4a9bdd7a328c6f106e4eaf570185cbc', 'Deni Ramadani', '', '3', '2'),
(209, 'G1A017018', 'f4a9bdd7a328c6f106e4eaf570185cbc', 'Sri Indarti', '', '3', '2'),
(210, 'G1A017021', 'f4a9bdd7a328c6f106e4eaf570185cbc', 'DERI AFRIANDA', '', '3', '2'),
(211, 'G1A017022', 'f4a9bdd7a328c6f106e4eaf570185cbc', 'M Ikhwan Alif M', '', '3', '2'),
(212, 'G1A017024', 'f4a9bdd7a328c6f106e4eaf570185cbc', 'Mia Martha Amalia', '', '3', '2'),
(213, 'G1A017025', 'f4a9bdd7a328c6f106e4eaf570185cbc', 'Farjun Azandi', '', '3', '2'),
(214, 'G1A017026', 'f4a9bdd7a328c6f106e4eaf570185cbc', 'Via Novitasari', '', '3', '2'),
(215, 'G1A017027', 'f4a9bdd7a328c6f106e4eaf570185cbc', 'Bima Novrika Pasah ', '', '3', '2'),
(216, 'G1A017028', 'f4a9bdd7a328c6f106e4eaf570185cbc', 'Habib Abdul Azis', '', '3', '2'),
(217, 'G1A017030', 'f4a9bdd7a328c6f106e4eaf570185cbc', 'Muhammad Randa Yandika', '', '3', '2'),
(218, 'G1A017031', 'f4a9bdd7a328c6f106e4eaf570185cbc', 'Vinta Asmika', '', '3', '2'),
(219, 'G1A017032', 'f4a9bdd7a328c6f106e4eaf570185cbc', 'ARRUM AL\'ADAWIYAH', '', '3', '2'),
(220, 'G1A017033', 'f4a9bdd7a328c6f106e4eaf570185cbc', 'Anisa Jelita', '', '3', '2'),
(221, 'G1A017034', 'f4a9bdd7a328c6f106e4eaf570185cbc', 'Nanda Tri Yaswan', '', '3', '2'),
(222, 'G1A017035', 'f4a9bdd7a328c6f106e4eaf570185cbc', 'Muhammad Azrie Pradiptha Dwinanda', '', '3', '2'),
(223, 'G1A017038', 'f4a9bdd7a328c6f106e4eaf570185cbc', 'Rizky Amanah Putra', '', '3', '2'),
(224, 'G1A017040', 'f4a9bdd7a328c6f106e4eaf570185cbc', 'SILVIA DWI PUSPITASARI', '', '3', '2'),
(225, 'G1A017043', 'f4a9bdd7a328c6f106e4eaf570185cbc', 'DARU WICAKSONO', '', '3', '2'),
(226, 'G1A017044', 'f4a9bdd7a328c6f106e4eaf570185cbc', 'Hasna Nur Insyiroh', '', '3', '2'),
(227, 'G1A017049', 'f4a9bdd7a328c6f106e4eaf570185cbc', 'Azzahrah Nur Awaliah Sobri', '', '3', '2'),
(228, 'G1A017052', 'f4a9bdd7a328c6f106e4eaf570185cbc', 'Guman Iradi', '', '3', '2'),
(229, 'G1A017053', 'f4a9bdd7a328c6f106e4eaf570185cbc', 'ASTRI WIDYASTITI', '', '3', '2'),
(230, 'G1A017056', 'f4a9bdd7a328c6f106e4eaf570185cbc', 'Muhammad Zendi Dwi Virnanda', '', '3', '2'),
(231, 'G1A017059', 'f4a9bdd7a328c6f106e4eaf570185cbc', 'Kike Indah Yuli Guspita', '', '3', '2'),
(232, 'G1A017060', 'f4a9bdd7a328c6f106e4eaf570185cbc', 'Hastri Winanda', '', '3', '2'),
(233, 'G1A017061', 'f4a9bdd7a328c6f106e4eaf570185cbc', 'ULFAH NUR AZIZAH', '', '3', '2'),
(234, 'G1A017063', 'f4a9bdd7a328c6f106e4eaf570185cbc', 'Ulvia Agustina', '', '3', '2'),
(235, 'G1A017064', 'f4a9bdd7a328c6f106e4eaf570185cbc', 'Renaldi Rahmat Faisal', '', '3', '2'),
(236, 'G1A017065', 'f4a9bdd7a328c6f106e4eaf570185cbc', 'ETIKA DWI LESTARI', '', '3', '2'),
(237, 'G1A017070', 'f4a9bdd7a328c6f106e4eaf570185cbc', 'Safitri Rahayu Nurhaeni', '', '3', '2'),
(238, 'G1A017074', 'f4a9bdd7a328c6f106e4eaf570185cbc', 'Muhammad Toby Suwindra', '', '3', '2'),
(239, 'G1A017077', 'f4a9bdd7a328c6f106e4eaf570185cbc', 'TRISKA MARDIANSYAH', '', '3', '2'),
(240, 'G1A017078', 'f4a9bdd7a328c6f106e4eaf570185cbc', 'Muh. Fahrezza Novaldi', '', '3', '2'),
(241, 'G1A017080', 'f4a9bdd7a328c6f106e4eaf570185cbc', 'Zahira Salabila Barly', '', '3', '2'),
(242, 'G1A015029', 'f4a9bdd7a328c6f106e4eaf570185cbc', 'Choiriya Saputri', '', '3', '2'),
(243, 'G1A015043', 'f4a9bdd7a328c6f106e4eaf570185cbc', 'Muhammad Pranata Jaya Negara', '', '3', '2'),
(244, 'G1A015051', 'f4a9bdd7a328c6f106e4eaf570185cbc', 'Agung Jodiansyah', '', '3', '2'),
(245, 'G1A015071', 'f4a9bdd7a328c6f106e4eaf570185cbc', 'Rexy Firanza', '', '3', '2'),
(246, 'G1A016020 ', 'f4a9bdd7a328c6f106e4eaf570185cbc', 'Jaka Saputra', '', '3', '2'),
(247, 'G1A016065', 'f4a9bdd7a328c6f106e4eaf570185cbc', 'Muhammad Hafiz Afif ', '', '3', '2'),
(248, 'G1A016081', 'f4a9bdd7a328c6f106e4eaf570185cbc', 'Modes Rahman Habib', '', '3', '2'),
(249, 'G1A017016', 'f4a9bdd7a328c6f106e4eaf570185cbc', 'Sefti Wulandari', '', '3', '2'),
(250, 'G1A017020', 'f4a9bdd7a328c6f106e4eaf570185cbc', 'Bela Sapira', '', '3', '2'),
(251, 'G1A017036', 'f4a9bdd7a328c6f106e4eaf570185cbc', 'Akbar Rozaaq Arda ', '', '3', '2'),
(252, 'G1A017037', 'f4a9bdd7a328c6f106e4eaf570185cbc', 'Yosi Pariska', '', '3', '2'),
(253, 'G1A017039', 'f4a9bdd7a328c6f106e4eaf570185cbc', 'Muhammad Afif Asyraf', '', '3', '2'),
(254, 'G1A017054 ', 'f4a9bdd7a328c6f106e4eaf570185cbc', 'Teguh Purwadi ', '', '3', '2'),
(255, 'G1A017066', 'f4a9bdd7a328c6f106e4eaf570185cbc', 'Hernando Putra Herijon', '', '3', '2'),
(256, 'G1A017067', 'f4a9bdd7a328c6f106e4eaf570185cbc', 'Leri Riski Nata', '', '3', '2'),
(257, 'G1A017069', 'f4a9bdd7a328c6f106e4eaf570185cbc', 'Satria Efriyadi ', '', '3', '2'),
(258, 'G1A014037', 'f4a9bdd7a328c6f106e4eaf570185cbc', 'Muhammad Hafizh', '', '3', '2'),
(259, 'G1A016053', 'f4a9bdd7a328c6f106e4eaf570185cbc', 'DEGI PUTRA PAMUNGKAS', '', '3', '2'),
(260, 'G1A017013', 'f4a9bdd7a328c6f106e4eaf570185cbc', 'ISTIQAMATUL BADRIAH', '', '3', '2'),
(261, 'G1A017023', 'f4a9bdd7a328c6f106e4eaf570185cbc', 'Muhaammad Wahyu Syawalin', '', '3', '2'),
(262, 'G1A017048', 'f4a9bdd7a328c6f106e4eaf570185cbc', 'Aditya Wahyu Laksana', '', '3', '2'),
(263, 'G1A018002', 'f4a9bdd7a328c6f106e4eaf570185cbc', 'Jemmi Alfarobi', '', '3', '2'),
(264, 'G1A018005', 'f4a9bdd7a328c6f106e4eaf570185cbc', 'FITRI DWI RAHMATULAINI', '', '3', '2'),
(265, 'G1A018007', 'f4a9bdd7a328c6f106e4eaf570185cbc', 'AKNIA FAZA HERYUANTI', '', '3', '2'),
(266, 'G1A018009', 'f4a9bdd7a328c6f106e4eaf570185cbc', 'Lovida Royani', '', '3', '2'),
(267, 'G1A018011', 'f4a9bdd7a328c6f106e4eaf570185cbc', 'Etia Rosalina', '', '3', '2'),
(268, 'G1A018012', 'f4a9bdd7a328c6f106e4eaf570185cbc', 'Putri Rahayu', '', '3', '2'),
(269, 'G1A018013', 'f4a9bdd7a328c6f106e4eaf570185cbc', 'Rinda Ayu Lestari', '', '3', '2'),
(270, 'G1A018014', 'f4a9bdd7a328c6f106e4eaf570185cbc', 'Miftah Fadhlurrohman', '', '3', '2'),
(271, 'G1A018015', 'f4a9bdd7a328c6f106e4eaf570185cbc', 'Neferly Arif Budiman', '', '3', '2'),
(272, 'G1A018018', 'f4a9bdd7a328c6f106e4eaf570185cbc', 'Ristianah', '', '3', '2'),
(273, 'G1A018019', 'f4a9bdd7a328c6f106e4eaf570185cbc', 'HANIFAH NUR SAFITRI', '', '3', '2'),
(274, 'G1A018021', 'f4a9bdd7a328c6f106e4eaf570185cbc', 'Annisa Rahmawati', '', '3', '2'),
(275, 'G1A018023', 'f4a9bdd7a328c6f106e4eaf570185cbc', 'Sahrial Ihsani Ishak', '', '3', '2'),
(276, 'G1A018025', 'f4a9bdd7a328c6f106e4eaf570185cbc', 'Stefani Tasya Hallatu', '', '3', '2'),
(277, 'G1A018026', 'f4a9bdd7a328c6f106e4eaf570185cbc', 'Aditya Rizki Ananda', '', '3', '2'),
(278, 'G1A018027', 'f4a9bdd7a328c6f106e4eaf570185cbc', 'FEBRIDILA NURUL MASYITA', '', '3', '2'),
(279, 'G1A018028', 'f4a9bdd7a328c6f106e4eaf570185cbc', 'Ajie Nofrizan', '', '3', '2'),
(280, 'G1A018034', 'f4a9bdd7a328c6f106e4eaf570185cbc', 'INTAN PERMATA HATI', '', '3', '2'),
(281, 'G1A018044', 'f4a9bdd7a328c6f106e4eaf570185cbc', 'Fatma Juwita', '', '3', '2'),
(282, 'G1A018046', 'f4a9bdd7a328c6f106e4eaf570185cbc', 'Naufal Hafizh Dhiya Ulhaq', '', '3', '2'),
(283, 'G1A018049', 'f4a9bdd7a328c6f106e4eaf570185cbc', 'Devina Fitria', '', '3', '2'),
(284, 'G1A018050', 'f4a9bdd7a328c6f106e4eaf570185cbc', 'Vira Rahma', '', '3', '2'),
(285, 'G1A018051', 'f4a9bdd7a328c6f106e4eaf570185cbc', 'Tiya Suci Hamimmah', '', '3', '2'),
(286, 'G1A018052', 'f4a9bdd7a328c6f106e4eaf570185cbc', 'Yanti Simanjuntak', '', '3', '2'),
(287, 'G1A018054', 'f4a9bdd7a328c6f106e4eaf570185cbc', 'RAHMAT FIKRI WAHYUDI', '', '3', '2'),
(288, 'G1A018057', 'f4a9bdd7a328c6f106e4eaf570185cbc', 'Harizaldy Cahya Pratama', '', '3', '2'),
(289, 'G1A018058', 'f4a9bdd7a328c6f106e4eaf570185cbc', 'Edwar Antoni', '', '3', '2'),
(290, 'G1A018059', 'f4a9bdd7a328c6f106e4eaf570185cbc', 'Nora Angella', '', '3', '2'),
(291, 'G1A018063', 'f4a9bdd7a328c6f106e4eaf570185cbc', 'Muhammad Farabie', '', '3', '2'),
(292, 'G1A018064', 'f4a9bdd7a328c6f106e4eaf570185cbc', 'Gusman Wijaya', '', '3', '2'),
(293, 'G1A018066', 'f4a9bdd7a328c6f106e4eaf570185cbc', 'Nur Annisa Apriliani Herman Putri', '', '3', '2'),
(294, 'G1A018067', 'f4a9bdd7a328c6f106e4eaf570185cbc', 'Muhammad Reyhan Firdaus', '', '3', '2'),
(295, 'G1A018073', 'f4a9bdd7a328c6f106e4eaf570185cbc', 'DEA FANIA', '', '3', '2'),
(296, 'G1A018074', 'f4a9bdd7a328c6f106e4eaf570185cbc', 'Muhammad Pratama Hidayatullah', '', '3', '2'),
(297, 'G1A018077', 'f4a9bdd7a328c6f106e4eaf570185cbc', 'TRI ANNISA GUSTYANINGRUM', '', '3', '2'),
(298, 'G1A018078', 'f4a9bdd7a328c6f106e4eaf570185cbc', 'Nabilah Ghinanti Suci', '', '3', '2'),
(299, 'G1A018081', 'f4a9bdd7a328c6f106e4eaf570185cbc', 'M. Akbar Maulana', '', '3', '2'),
(300, 'G1A018084', 'f4a9bdd7a328c6f106e4eaf570185cbc', 'Iqbal Muhammad Gibran', '', '3', '2'),
(301, 'G1A018086', 'f4a9bdd7a328c6f106e4eaf570185cbc', 'MEYZAN AL YUTRA', '', '3', '2'),
(302, 'G1A018087', 'f4a9bdd7a328c6f106e4eaf570185cbc', 'Dwi Lestari', '', '3', '2'),
(303, 'G1A018089', 'f4a9bdd7a328c6f106e4eaf570185cbc', 'Elvina Salsabila', '', '3', '2'),
(304, 'G1A018091', 'f4a9bdd7a328c6f106e4eaf570185cbc', 'Raju Wahyudi Pratama', '', '3', '2'),
(307, '198310302009031002', '63d9b3623e82a29894f08b5a2c663892', '', '', '2', '1'),
(308, 'G1A016017', 'f4a9bdd7a328c6f106e4eaf570185cbc', '', '', '3', '2'),
(309, 'G1A017019', 'f4a9bdd7a328c6f106e4eaf570185cbc', '', '', '3', '2'),
(310, 'G1A019083', 'f4a9bdd7a328c6f106e4eaf570185cbc', '', '', '3', '2'),
(311, 'G1A019015', 'f4a9bdd7a328c6f106e4eaf570185cbc', '', '', '3', '2'),
(312, 'G1A019071', 'f4a9bdd7a328c6f106e4eaf570185cbc', '', '', '3', '2'),
(313, 'G1A019055', 'f4a9bdd7a328c6f106e4eaf570185cbc', '', '', '3', '2'),
(314, 'G1A016078', 'f4a9bdd7a328c6f106e4eaf570185cbc', '', '', '3', '2'),
(315, 'G1A019059', 'f4a9bdd7a328c6f106e4eaf570185cbc', '', '', '3', '2'),
(316, 'G1A017075', 'f4a9bdd7a328c6f106e4eaf570185cbc', '', '', '3', '2'),
(317, 'G1A019006', 'f4a9bdd7a328c6f106e4eaf570185cbc', '', '', '3', '2'),
(318, 'G1A019068', 'f4a9bdd7a328c6f106e4eaf570185cbc', '', '', '3', '2'),
(319, 'G1A018001', 'f4a9bdd7a328c6f106e4eaf570185cbc', '', '', '3', '2'),
(320, 'G1A019096 ', 'f4a9bdd7a328c6f106e4eaf570185cbc', '', '', '3', '2'),
(321, 'G1A019048', 'f4a9bdd7a328c6f106e4eaf570185cbc', '', '', '3', '2'),
(322, 'G1A017042', 'f4a9bdd7a328c6f106e4eaf570185cbc', '', '', '3', '2'),
(323, 'G1A018053', 'f4a9bdd7a328c6f106e4eaf570185cbc', '', '', '3', '2'),
(324, 'G1A019084', 'f4a9bdd7a328c6f106e4eaf570185cbc', '', '', '3', '2'),
(325, 'G1A018045', 'f4a9bdd7a328c6f106e4eaf570185cbc', '', '', '3', '2'),
(326, 'G1A019014', 'f4a9bdd7a328c6f106e4eaf570185cbc', '', '', '3', '2'),
(327, 'G1A018017', 'f4a9bdd7a328c6f106e4eaf570185cbc', '', '', '3', '2'),
(328, 'G1A019073', 'f4a9bdd7a328c6f106e4eaf570185cbc', '', '', '3', '2'),
(329, 'G1A019037', 'f4a9bdd7a328c6f106e4eaf570185cbc', '', '', '3', '2'),
(330, 'G1A018076', 'f4a9bdd7a328c6f106e4eaf570185cbc', '', '', '3', '2'),
(331, 'G1A018079', 'f4a9bdd7a328c6f106e4eaf570185cbc', '', '', '3', '2'),
(332, 'G1A019002', 'f4a9bdd7a328c6f106e4eaf570185cbc', '', '', '3', '2'),
(333, 'G1A019074', 'f4a9bdd7a328c6f106e4eaf570185cbc', '', '', '3', '2'),
(334, 'G1A019025', 'f4a9bdd7a328c6f106e4eaf570185cbc', '', '', '3', '2'),
(335, 'G1A019029', 'f4a9bdd7a328c6f106e4eaf570185cbc', '', '', '3', '2'),
(336, 'G1A018020', 'f4a9bdd7a328c6f106e4eaf570185cbc', '', '', '3', '2'),
(337, 'G1A019030', 'f4a9bdd7a328c6f106e4eaf570185cbc', '', '', '3', '2'),
(338, 'G1A019010', 'f4a9bdd7a328c6f106e4eaf570185cbc', '', '', '3', '2'),
(339, 'G1A018008 ', 'f4a9bdd7a328c6f106e4eaf570185cbc', '', '', '3', '2'),
(340, 'G1A019020', 'f4a9bdd7a328c6f106e4eaf570185cbc', '', '', '3', '2'),
(341, 'G1A018048', 'f4a9bdd7a328c6f106e4eaf570185cbc', '', '', '3', '2'),
(342, 'G1A019036', 'f4a9bdd7a328c6f106e4eaf570185cbc', '', '', '3', '2'),
(343, 'G1A019044', 'f4a9bdd7a328c6f106e4eaf570185cbc', '', '', '3', '2'),
(344, 'G1A018068', 'f4a9bdd7a328c6f106e4eaf570185cbc', '', '', '3', '2'),
(345, 'G1A017051', 'f4a9bdd7a328c6f106e4eaf570185cbc', '', '', '3', '2'),
(346, 'G1A018031', 'f4a9bdd7a328c6f106e4eaf570185cbc', '', '', '3', '2'),
(347, 'G1A018037', 'f4a9bdd7a328c6f106e4eaf570185cbc', '', '', '3', '2'),
(348, 'G1A019039', 'f4a9bdd7a328c6f106e4eaf570185cbc', '', '', '3', '2'),
(349, 'G1A019072', 'f4a9bdd7a328c6f106e4eaf570185cbc', '', '', '3', '2'),
(350, 'G1A019065', 'f4a9bdd7a328c6f106e4eaf570185cbc', '', '', '3', '2'),
(351, 'G1A019017', 'f4a9bdd7a328c6f106e4eaf570185cbc', '', '', '3', '2'),
(352, 'G1A019082', 'f4a9bdd7a328c6f106e4eaf570185cbc', '', '', '3', '2'),
(353, 'G1A019022', 'f4a9bdd7a328c6f106e4eaf570185cbc', '', '', '3', '2'),
(354, 'G1A019033', 'f4a9bdd7a328c6f106e4eaf570185cbc', '', '', '3', '2'),
(355, 'G1A019003', 'f4a9bdd7a328c6f106e4eaf570185cbc', '', '', '3', '2'),
(356, 'G1A019007', 'f4a9bdd7a328c6f106e4eaf570185cbc', '', '', '3', '2'),
(357, 'G1A018004', 'f4a9bdd7a328c6f106e4eaf570185cbc', '', '', '3', '2'),
(358, 'G1A018075', 'f4a9bdd7a328c6f106e4eaf570185cbc', '', '', '3', '2'),
(359, 'G1A018090', 'f4a9bdd7a328c6f106e4eaf570185cbc', '', '', '3', '2'),
(360, 'G1A019062', 'f4a9bdd7a328c6f106e4eaf570185cbc', '', '', '3', '2'),
(361, 'G1A018092', 'f4a9bdd7a328c6f106e4eaf570185cbc', '', '', '3', '2'),
(362, 'G1A018035', 'f4a9bdd7a328c6f106e4eaf570185cbc', '', '', '3', '2'),
(363, 'G1A019081', 'f4a9bdd7a328c6f106e4eaf570185cbc', '', '', '3', '2'),
(364, 'G1A019078', 'f4a9bdd7a328c6f106e4eaf570185cbc', '', '', '3', '2'),
(365, 'G1A019093', 'f4a9bdd7a328c6f106e4eaf570185cbc', '', '', '3', '2'),
(366, 'G1A019063', 'f4a9bdd7a328c6f106e4eaf570185cbc', '', '', '3', '2'),
(367, 'G1A019018', 'f4a9bdd7a328c6f106e4eaf570185cbc', '', '', '3', '2'),
(368, 'G1A019034', 'f4a9bdd7a328c6f106e4eaf570185cbc', '', '', '3', '2'),
(369, 'G1A018065', 'f4a9bdd7a328c6f106e4eaf570185cbc', '', '', '3', '2'),
(370, 'G1A019040', 'f4a9bdd7a328c6f106e4eaf570185cbc', '', '', '3', '2'),
(371, 'G1A018082', 'f4a9bdd7a328c6f106e4eaf570185cbc', '', '', '3', '2'),
(372, 'G1A019049 ', 'f4a9bdd7a328c6f106e4eaf570185cbc', '', '', '3', '2'),
(373, 'G1A019054', 'f4a9bdd7a328c6f106e4eaf570185cbc', '', '', '3', '2'),
(374, 'G1A019095', 'f4a9bdd7a328c6f106e4eaf570185cbc', '', '', '3', '2'),
(375, 'G1A019085', 'f4a9bdd7a328c6f106e4eaf570185cbc', '', '', '3', '2'),
(376, 'G1A019023', 'f4a9bdd7a328c6f106e4eaf570185cbc', '', '', '3', '2'),
(377, 'G1A019035', 'f4a9bdd7a328c6f106e4eaf570185cbc', '', '', '3', '2'),
(378, 'G1A019089', 'f4a9bdd7a328c6f106e4eaf570185cbc', '', '', '3', '2'),
(379, 'G1A019027', 'f4a9bdd7a328c6f106e4eaf570185cbc', '', '', '3', '2'),
(380, 'G1A019092', 'f4a9bdd7a328c6f106e4eaf570185cbc', '', '', '3', '2'),
(381, 'G1A019094', 'f4a9bdd7a328c6f106e4eaf570185cbc', '', '', '3', '2'),
(382, 'G1A019024', 'f4a9bdd7a328c6f106e4eaf570185cbc', '', '', '3', '2'),
(383, 'G1A019008', 'f4a9bdd7a328c6f106e4eaf570185cbc', '', '', '3', '2'),
(384, 'G1A019086', 'f4a9bdd7a328c6f106e4eaf570185cbc', '', '', '3', '2'),
(385, 'G1A019088', 'f4a9bdd7a328c6f106e4eaf570185cbc', '', '', '3', '2'),
(386, 'G1A019077', 'f4a9bdd7a328c6f106e4eaf570185cbc', '', '', '3', '2'),
(387, 'G1A019046', 'f4a9bdd7a328c6f106e4eaf570185cbc', '', '', '3', '2'),
(388, 'G1A019026', 'f4a9bdd7a328c6f106e4eaf570185cbc', '', '', '3', '2'),
(389, 'G1A019066', 'f4a9bdd7a328c6f106e4eaf570185cbc', '', '', '3', '2'),
(390, 'G1A019011', 'f4a9bdd7a328c6f106e4eaf570185cbc', '', '', '3', '2'),
(391, 'G1A019005', 'f4a9bdd7a328c6f106e4eaf570185cbc', '', '', '3', '2'),
(392, 'G1A019098', 'f4a9bdd7a328c6f106e4eaf570185cbc', '', '', '3', '2'),
(393, 'G1A019012', 'f4a9bdd7a328c6f106e4eaf570185cbc', '', '', '3', '2'),
(394, 'G1A019057', 'f4a9bdd7a328c6f106e4eaf570185cbc', '', '', '3', '2'),
(395, 'G1A018033', 'f4a9bdd7a328c6f106e4eaf570185cbc', '', '', '3', '2'),
(396, 'G1A018003', 'f4a9bdd7a328c6f106e4eaf570185cbc', '', '', '3', '2'),
(397, 'G1A019032', 'f4a9bdd7a328c6f106e4eaf570185cbc', '', '', '3', '2'),
(398, 'G1A019043', 'f4a9bdd7a328c6f106e4eaf570185cbc', '', '', '3', '2'),
(399, 'G1A019075', 'f4a9bdd7a328c6f106e4eaf570185cbc', '', '', '3', '2'),
(400, 'G1A019031', 'f4a9bdd7a328c6f106e4eaf570185cbc', '', '', '3', '2'),
(401, 'G1A019028', 'f4a9bdd7a328c6f106e4eaf570185cbc', '', '', '3', '2'),
(402, 'G1A019051', 'f4a9bdd7a328c6f106e4eaf570185cbc', '', '', '3', '2'),
(403, 'G1A019076', 'f4a9bdd7a328c6f106e4eaf570185cbc', '', '', '3', '2'),
(404, 'G1A019001', 'f4a9bdd7a328c6f106e4eaf570185cbc', '', '', '3', '2'),
(405, 'G1A019061', 'f4a9bdd7a328c6f106e4eaf570185cbc', '', '', '3', '2'),
(406, 'G1A019047', 'f4a9bdd7a328c6f106e4eaf570185cbc', '', '', '3', '2'),
(407, 'G1A019038', 'f4a9bdd7a328c6f106e4eaf570185cbc', '', '', '3', '2'),
(408, 'G1A019041', 'f4a9bdd7a328c6f106e4eaf570185cbc', '', '', '3', '2'),
(409, 'G1A019091', 'f4a9bdd7a328c6f106e4eaf570185cbc', '', '', '3', '2');

-- --------------------------------------------------------

--
-- Table structure for table `tb_lokasi`
--

CREATE TABLE `tb_lokasi` (
  `id_lks` int(11) NOT NULL,
  `nama_lks` varchar(100) NOT NULL,
  `alamat_lks` varchar(100) NOT NULL,
  `fax_email_lks` varchar(45) NOT NULL,
  `telp_lks` varchar(15) NOT NULL,
  `tdp_siup` varchar(45) NOT NULL
) ENGINE=InnoDB DEFAULT CHARSET=utf8mb4;

--
-- Dumping data for table `tb_lokasi`
--

INSERT INTO `tb_lokasi` (`id_lks`, `nama_lks`, `alamat_lks`, `fax_email_lks`, `telp_lks`, `tdp_siup`) VALUES
(87, 'DINKES Bengkulu Utara', '', '', '', '-'),
(88, 'SMPIT Generasi Rabbani', '', '', '', '-'),
(89, 'UPT Lab. Lingkungan BLH Prov. Bengkulu', '', '', '', '-'),
(90, 'TE FT UNIB', '', '', '', '-'),
(91, 'Lab. SOSEK FP', '', '', '', '-'),
(92, 'SDIT Hidayatullah', '', '', '', '-'),
(93, 'BPN Kota Bengkulu', '', '', '', '-'),
(94, 'BPN Kota Bengkulu', '', '', '', '-'),
(95, 'Dinas LHK Prov. Bengkulu', '', '', '', '-'),
(96, 'SMPIT Generasi Rabbani', '', '', '', '-'),
(97, 'Kominvo Prov. Bengkulu', '', '', '', '-'),
(98, 'SMPIT Generasi Rabbani', '', '', '', '-'),
(99, 'BKSDA Bengkulu', '', '', '', '-'),
(100, 'BPBD Bengkulu', '', '', '', '-'),
(101, 'SDIT Rabbani', '', '', '', '-'),
(102, 'Kominvo Prov. Bengkulu', '', '', '', '-'),
(103, 'Dinas LHK Prov. Bengkulu', '', '', '', '-'),
(104, 'SMAN 5 Kota Bengkulu', '', '', '', '-'),
(105, 'TE FT UNIB', '', '', '', '-'),
(106, 'Inspektorat Prov. Bengkulu', '', '', '', '-'),
(107, 'Konakito', '', '', '', '-'),
(108, 'FT UNIB', '', '', '', '-'),
(109, 'FT UNIB', '', '', '', '-'),
(110, 'SMAN 5 Kota Bengkulu', '', '', '', '-'),
(111, 'Dinas LHK Prov. Bengkulu', '', '', '', '-'),
(112, 'Pascasarjana FKIP UNIB', '', '', '', '-'),
(113, 'SDIT Rabbani', '', '', '', '-'),
(114, 'Dinas LHK Prov. Bengkulu', '', '', '', '-'),
(115, 'Lab. SOSEK FP', '', '', '', '-'),
(116, 'FT UNIB', '', '', '', '-'),
(117, 'FT UNIB', '', '', '', '-'),
(118, 'SMAN 5 BENGKULU', '', '', '', '-'),
(119, 'KANWIL KEMENAG PROV. BENGKULU', '', '', '', '-'),
(120, 'BKD PROV. BENGKULU', '', '', '', '-'),
(121, 'KEMENTERIAAN AGAMA KANWIL BENGKULU', '', '', '', '-'),
(122, 'SMAIT IQRA BENGKULU', '', '', '', '-'),
(123, 'MUSEUM KOTA BENGKULU', '', '', '', '-'),
(124, 'KEMAHASISWAAN BIRO PPK UNIB', '', '', '', '-'),
(125, 'DINAS KOMINFO KOTA BENGKULU', '', '', '', '-'),
(126, 'SMAN 3 KOTA BENGKULU', '', '', '', '-'),
(127, 'UPT KERJASAMA DAN LAYANAN INTERNASIONAL UNIB', '', '', '', '-'),
(128, 'KEMENTERIAAN AGAMA KANWIL BENGKULU', '', '', '', '-'),
(129, 'LABORATORIUM BIOLOGI FMIPA UNIB', '', '', '', '-'),
(130, 'BAGIAN PEMBELAJARAN BIRO PPK UNIB', '', '', '', '-'),
(131, 'BKD PROV. BENGKULU', '', '', '', '-'),
(132, 'BPN KANWIL PROV. BENGKULU', '', '', '', '-'),
(133, 'SMAN 5 BENGKULU', '', '', '', '-'),
(134, 'FAKULTAS EKONOMI DAN BISNIS UNIB', '', '', '', '-'),
(135, 'SMPN 11 BENGKULU', '', '', '', '-'),
(136, 'PT. CIPTA WAHANA KONSULTAN', '', '', '', '-'),
(137, 'SMPN 11 BENGKULU', '', '', '', '-'),
(138, 'KOMINFO PROV. BENGKULU', '', '', '', '-'),
(139, 'BMKG STASIUN METEOROLOGI FATMAWATI SOEKARNO', '', '', '', '-'),
(140, 'DINAS PERUMAHAN RAKYAT DAN KAWASAN PEMUKIMAN KOTA BENGKULU', '', '', '', '-'),
(141, 'KEJAKSAAN TINGGI BENGKULU', '', '', '', '-'),
(142, 'PUSKESMAS BERINGIN RAYA', '', '', '', '-'),
(143, 'SMPN 17 BENGKULU', '', '', '', '-'),
(144, 'SMP AL-KARIM', '', '', '', '-'),
(145, 'ASRAMA PUTRI ORCHID UNIB', '', '', '', '-'),
(146, 'DINAS PERHUBUNGAN PROV. BENGKULU', '', '', '', '-'),
(147, 'BMKG STASIUN METEOROLOGI FATMAWATI SOEKARNO', '', '', '', '-'),
(148, 'DINAS PERUMAHAN RAKYAT DAN KAWASAN PEMUKIMAN KOTA BENGKULU', '', '', '', '-'),
(149, 'DINAS PERHUBUNGAN PROV. BENGKULU', '', '', '', '-'),
(150, 'SMKN 2 BENTENG', '', '', '', '-'),
(151, 'IAIN BENGKULU', '', '', '', '-'),
(152, 'DINAS PERHUBUNGAN PROV. BENGKULU', '', '', '', '-'),
(153, 'SMAIT IQRA BENGKULU', '', '', '', '-'),
(154, 'DINAS PEKERJAAN UMUM KOTA BENGKULU', '', '', '', '-'),
(155, 'FT UNIB', '', '', '', '-'),
(156, 'KOMINFO PROV. BENGKULU', '', '', '', '-'),
(157, 'IAIN BENGKULU', '', '', '', '-'),
(158, 'SMPN 17 BENGKULU', '', '', '', '-'),
(159, 'DINAS KOMINFO KOTA BENGKULU', '', '', '', '-'),
(160, 'BNN PROVINSI BENGKULU', '', '', '', '-'),
(161, 'SMPN 11 BENGKULU', '', '', '', '-'),
(162, 'MTS DARUSSALAM KOTA BENGKULU', '', '', '', '-'),
(163, 'BNN PROVINSI BENGKULU', '', '', '', '-'),
(164, 'SMAIT IQRA BENGKULU', '', '', '', '-'),
(165, 'POLTEKES KEMENKES BENGKULU', '', '', '', '-'),
(166, 'POLTEKES KEMENKES BENGKULU', '', '', '', '-'),
(167, 'SMAIT IQRA BENGKULU', '', '', '', '-'),
(168, 'MTS DARUSSALAM KOTA BENGKULU', '', '', '', '-'),
(169, 'Badan Kepegawaian Daerah Provinsi Bengkulu', '', '', '', '-'),
(170, 'DMI Kota Bengkulu', '', '', '', '-'),
(171, 'Program Studi Pendidikan Non Formal, Fakultas KIP, Universitas Bengkulu', '', '', '', '-'),
(172, 'PROGRAM STUDI PENDIDIKAN NONFORMAL FAKULTAS KIP UNIVERSITAS BENGKULU', '', '', '', '-'),
(173, 'Prodi Pendidikan NonFormal Universitas Bengkulu', '', '', '', '-'),
(174, 'SMP N 9 Kota Bengkulu', '', '', '', '-'),
(175, 'SMAN 6 Kota Bengkulu', '', '', '', '-'),
(176, 'SMAN 1 BENGKULU TENGAH', '', '', '', '-'),
(177, 'SMA NEGERI 6 BENGKULU   ', '', '', '', '-'),
(178, 'UPP FKIP Universitas Bengkulu', '', '', '', '-'),
(179, 'SMA Negeri 8 Bengkulu', '', '', '', '-'),
(180, 'Prodi Fisika Jurusan Fisika Fakultas MIPA ', '', '', '', '-'),
(181, 'SD NEGERI 66 KOTA BENGKULU', '', '', '', '-'),
(182, 'SMKN 07 KOTA BENGKULU', '', '', '', '-'),
(183, 'SMAN 1 Bengkulu Tengah', '', '', '', '-'),
(184, 'SMAN 1 Bengkulu Tengah', '', '', '', '-'),
(185, 'UPTD PUSKESMAS BASUKI RAHMAD BENGKULU', '', '', '', '-'),
(186, 'MAN 1 KOTA BENGKULU', '', '', '', '-'),
(187, 'DINAS PARIWISATA PROVINSI BENGKULU', '', '', '', '-'),
(188, 'Program Studi Informatika', '', '', '', '-'),
(189, 'Sekolah Alam Bengkulu Mahira', '', '', '', '-'),
(190, 'SMAN 9 kota Bengkulu', '', '', '', '-'),
(191, 'PGSD UNIB', '', '', '', '-'),
(192, 'Bumdes Karya Mulya', '', '', '', '-'),
(193, 'PRODI PENDIDIKAN NON FORMAL FAKULTAS KEGURUAN DAN ILMU PENDIDIKAN ', '', '', '', '-'),
(194, 'Dinas Tenaga Kerja dan Transmigrasi Prov. Bengkulu', '', '', '', '-'),
(195, 'SEKOLAH DASAR NEGERI 32 KOTA BENGKULU', '', '', '', '-'),
(196, 'DINAS ENERGI DAN SUMBER DAYA MINERAL', '', '', '', '-'),
(197, 'JURUSAN KEPERAWATAN POLTEKKES KEMENKES BENGKULU', '', '', '', '-'),
(198, 'SMKN 02 KOTA BENGKULU', '', '', '', '-'),
(199, 'Sekolah kuttab abu bakar kota Bengkulu', '', '', '', '-'),
(200, 'Museum Negeri Bengkulu', '', '', '', '-'),
(201, 'SMKN 1 Kota Bengkulu', '', '', '', '-'),
(202, 'Museum Negeri Bengkulu ', '', '', '', '-'),
(203, 'SEKOLAH ALAM BENGKULU (SAB) MAHIRA', '', '', '', '-'),
(204, 'Biro Sumber Daya Manusia Polda Bengkulu', '', '', '', '-'),
(205, 'Subbagian Tenaga Kependidikan Bagian Kepegawaian Universitas Bengkulu', '', '', '', '-'),
(206, 'PT. Perusahaan Perdagangan Indonesia', '', '', '', '-'),
(207, 'Smkn 2 kota bengkulu', '', '', '', '-'),
(208, 'Doni Laundry', '', '', '', '-'),
(209, 'SMK NEGERI 2 KOTA BENGKULU', '', '', '', '-'),
(210, 'PT. PERUSAHAAN PERDAGANGAN INDONESIA', '', '', '', '-'),
(211, 'Kantor Camat Selebar Kota Bengkulu', '', '', '', '-'),
(212, 'FAKULTAS MATEMATIKA DAN ILMU PENGETAHUAN UNIVERSITAS BENGKULU', '', '', '', '-'),
(213, 'PT. AL BADRIYAH WISATA BENGKULU', '', '', '', '-'),
(214, 'Kantor Inspektorat Provinsi Bengkulu', '', '', '', '-'),
(215, 'PRODI SISTEM INFORMASI FT UNIB', '', '', '', '-'),
(216, 'SMAN 3 BENGKULU TENGAH', '', '', '', '-'),
(217, 'PT. PERSADA BAKTI MANDIRI', '', '', '', '-'),
(218, 'BADAN PERTANAHAN NASIONAL PROVINSI BENGKULU', '', '', '', '-'),
(219, 'YAYASAN INSAN ULUL ALBAAB KOTA BENGKULU', '', '', '', '-'),
(220, 'JURUSAN GIZI POLTEKKES KEMENKES BENGKULU', '', '', '', '-'),
(221, 'Prodi Matematika Fakultas MIPA Universitas Bengkulu', '', '', '', '-'),
(222, 'FAKULTAS MATEMATIKA DAN ILMU PENGETAHUAN ALAM', '', '', '', '-'),
(223, 'Fakultas Ekonomi Dan Bisnis Universitas Bengkulu', 'Jl. Kandang Limun', 'unib@ac.id', '89876524365', '-'),
(224, 'KANTOR INSPEKTORAT PROVINSI BENGKULU', '', '', '', '-'),
(225, 'POLDA BENGKULU', '', '', '', '-'),
(226, 'DINAS ENERGI DAN SUMBER DAYA MINERAL (ESDM) PROVINSI BENGKULU', '', '', '', '-'),
(227, 'SMP NEGERI 1 BENGKULU TENGAH', '', '', '', '-'),
(228, 'Kantor Inspektorat Provinsi Bengkulu', '', '', '', '-'),
(229, 'Program Studi S-1 Statistika FMIPA Universitas Bengkulu', '', '', '', '-'),
(230, 'Kantor Camat selebar', '', '', '', '-'),
(231, 'PT. MUTUYASA MANDIRI ABADI', '', '', '', '-'),
(232, 'YAYASAN INSAN ULUL ALBAAB KOTA BENGKULU', '', '', '', '-'),
(233, 'SMPN 30 BENGKULU TENGAH', '', '', '', '-'),
(234, 'SMKN 1 Kota Bengkulu', '', '', '', '-'),
(235, 'MIN 2 KOTA BENGKULU', '', '', '', '-'),
(236, 'SMP Negeri 7 Kota Bengkulu', '', '', '', '-'),
(237, 'PT. PELINDO II (PERSERO) CABANG BENGKULU', '', '', '', '-'),
(238, 'KECAMATAN SELEBAR', '', '', '', '-'),
(239, 'PROGRAM STUDI SISTEM INFORMASI UNIVERSITAS BENGKULU', '', '', '', '-'),
(240, 'PT. PERSADA BAKTI MANDIRI', '', '', '', '-'),
(241, 'Fakultas MIPA Universitas Bengkulu', '', '', '', '-'),
(242, 'SMA NEGERI 6\nBENGKULU', '', '', '', '-'),
(243, 'SMAN 9 BENGKULU', '', '', '', '-'),
(244, 'SMA Negeri 09 Kota\nBengkulu', '', '', '', '-'),
(245, 'Laboratorium\nInformatika Universitas\nBengkulu', '', '', '', '-'),
(246, 'SMA MUHAMMADIYAH 04 KOTA BENGKULU', '', '', '', '-'),
(247, 'Apotek Dewi Farma ', '', '', '', '-'),
(248, 'Fakultas Ilmu Sosial dan Ilmu Politik', '', '', '', '-'),
(249, 'POLTEKKES KEMENKES BENGKULU', '', '', '', '-'),
(250, 'POLTEKKES KEMENKES BENGKULU', '', '', '', '-'),
(251, 'LPTIK Universitas Bengkulu ', '', '', '', '-'),
(252, 'SMK S3 Serunting 1\nKota Bengkulu', '', '', '', '-'),
(253, 'Dekanat hukum\nUniversitas Bengkulu', '', '', '', '-'),
(254, 'FAKULTAS HUKUM UNIVERSITAS BENGULU', '', '', '', '-'),
(255, 'FAKULTAS HUKUM UNIVERSITAS BENGULU', '', '', '', '-'),
(256, 'CV RIDHO JAYA', '', '', '', '-'),
(257, 'BALAI MONITOR SPEKTRUM FREKUENSI RADIO KELAS II BENGKULU', '', '', '', '-'),
(258, 'Subdit V Siber Polda Bengkulu', '', '', '', '-'),
(259, 'Program Studi Ilmu Komunikasi Fakultas Ilmu Sosial dan Ilmu Politik', '', '', '', '-'),
(260, 'KLINIK IQRA\' MEDICAL CENTRE KOTA BENGKULU', '', '', '', '-'),
(261, 'SMA N 6 Kota Bengkulu', '', '', '', '-'),
(262, 'CV TOBO KITO MANDIRI', '', '', '', '-'),
(263, 'Laboratorium Informatika Fakultas Teknik Universitas Bengkulu.', '', '', '', '-'),
(264, 'RUMAH SINGGAH AL-MA\'UN', '', '', '', '-'),
(265, 'CV. PSIKO (SAHABAT PSIKOLOGI)', '', '', '', '-'),
(266, 'Badan Penanggulangan Bencana Daerah Provinsi Bengkulu', '', '', '', ''),
(267, 'SD NEGERI 17 KOTA BENGKULU', '', '', '', '-'),
(268, 'SMA IT IQRA\' Kota Bengkulu', '', '', '', '-'),
(269, 'Fadila\'s Dekor - Panorama', '', '', '', '-'),
(270, 'Fadila\'s Dekor', '', '', '', '-'),
(271, 'SMPN 14 KOTA BENGKULU', '', '', '', '-'),
(272, 'JL.P.Natadirja KM 7', '', '', '', '-'),
(273, 'SD NEGERI 17 KOTA BENGKULU', '', '', '', '-'),
(274, 'SMP NEGERI 11 KOTA BENGKULU', '', '', '', '-'),
(275, 'UPT KSLI UNIB', '', '', '', '-'),
(276, 'Lembaga Penelitian dan Pengabdian kepada Masyarakat ( LPPM ) Universitas Bengkulu', '', '', '', '-'),
(277, 'BANK PERKREDITAN RAKYAT MAROBA ITE', '', '', '', '-'),
(278, 'CV. PSIKO (SAHABAT PSIKOLOGI)', '', '', '', '-'),
(279, 'Kantor Perwakilan Bank Indonesia Provinsi Bengkulu', '', '', '', '-'),
(280, 'SMP NEGERI 1 KOTA BENGKULU', '', '', '', '-'),
(281, 'Lembaga Penelitian dan Pengabdian kepada Masyarakat', '', '', '', '-'),
(282, 'Museum Negeri Bengkulu', '', '', '', '-'),
(283, 'Program Studi Sistem Informasi Fakultas Teknik UNIB', '', '', '', '-'),
(284, 'Polda Bengkulu', '', '', '', '-'),
(285, 'Dinas Perumahan Rakyat dan Kawasan Permukiman Kota Bengkulu', '', '', '', '-'),
(286, 'SMKS 8 GRAKARSA KOTA BENGKULU', '', '', '', '-'),
(287, 'Sekolah Menengah Kejuruan Swasta 8 Grakarsa Kota Bengkulu', '', '', '', '-'),
(288, 'STARTUP OASSE KOTA BENGKULU', '', '', '', '-'),
(289, 'BETV', '', '', '', '-'),
(290, 'SD Negeri 69 Kota Bengkulu', '', '', '', '-'),
(291, 'PT Ascon Inovasi Data', '', '', '', '-'),
(292, 'MTs Negeri 1 Kota Bengkulu', '', '', '', '-'),
(293, 'Polda Bengkulu', '', '', '', '-'),
(294, 'Beanbag Bengkulu', '', '', '', '-'),
(295, 'Poltekkes Kemenkes Bengkulu', '', '', '', '-'),
(296, 'Bengkulu Ekspress Televisi', '', '', '', '-'),
(297, 'Dinas Perumahan Rakyat dan Kawasan Permukiman Kota Bengkulu', '', '', '', '-'),
(298, 'Polda Bengkulu', '', '', '', '-'),
(299, 'Gudang UD Berdikari Benkulu', '', '', '', '-'),
(300, 'SMKS 8 GRAKARSA KOTA BENGKULU', '', '', '', '-'),
(301, 'FKIP  UNIB', '', '', '', '-'),
(302, 'Museum Negeri Bengkulu', '', '', '', '-'),
(303, 'Dinas Perumahan Rakyat dan Kawasan Permukiman Kota Bengkulu', '', '', '', '-'),
(304, 'Fakultas Pertanian Universitas Bengkulu', '', '', '', '-'),
(308, 'Kantor Kecamatan Maga Pasar, Lembah Sorik Marapi, Kabupaten Mandailing Natal Provinsi Sumatera Utara', '', '', '', '-'),
(309, 'SMA Negeri 7 Kota Bengkulu', '', '', '', '-'),
(310, 'Bengkel Mobil JhonMotor', '', '', '', '-'),
(311, 'Fakultas Matematika dan Ilmu Pengetahuan Alam Universitas Bengkulu', '', '', '', '-'),
(312, 'Jl.S.Parman No. 10 Tanah Patah, Kota Bengkulu', '', '', '', '-'),
(313, 'Jl. Kerapu, Kelurahan Berkas. Rt. 01 Rw. 01 No. 45', '', '', '', '-'),
(314, 'Dinas Penanaman Modal Pelayanan Terpadu Satu Pintu Kabupaten Bengkulu Tengah', '', '', '', '-'),
(315, 'Prodi Informatika Universitas Bengkulu', '', '', '', '-'),
(316, 'SMP NEGERI 8 KOTA BENGKULU', '', '', '', '-'),
(317, 'Desa Rindu Hati, Bengkulu Tengah', '', '', '', '-'),
(318, 'Museum Negeri Bengkulu', '', '', '', '-'),
(319, 'Smk Negeri 2 Bengkulu Tengah', '', '', '', '-'),
(320, 'PT. Ruang Raya Indonesia', '', '', '', '-'),
(321, 'PT. Zona Edukasi Nusantara', '', '', '', '-'),
(322, 'Jl. Bali No.36, Kp. Kelawi, Kec. Sungai Serut, Kota Bengkulu, Bengkulu 38117', '', '', '', '-'),
(323, 'SMKN 2 Bengkulu Tengah', '', '', '', '-'),
(324, 'Desa Air Sebakul,Kec.Talang Empat,Kab.Bengkulu Tengah', '', '', '', '-'),
(325, 'Beanbag Bengkulu', '', '', '', '-'),
(326, 'Google, GoTo, Traveloka', '', '', '', '-'),
(327, 'SMK Negeri 2 Bengkulu Tengah', '', '', '', '-'),
(328, 'Fakultas Kedokteran dan Ilmu Kesehatan UNIB', '', '', '', '-'),
(329, 'Jl. Kerapu, Kelurahan Berkas, RT 01, RW 01 No 45', '', '', '', '-'),
(330, 'PT. Arkatama Multi Solusindo , Malang, Jawa Timur.', '', '', '', '-'),
(331, 'Jl.Sri Kraton Blok V , Srikraton, Kec. Pondok Kelapa, Kab. Bengkulu Tengah', '', '', '', '-'),
(332, 'SMA BUDI UTOMO ', '', '', '', '-'),
(333, 'SMKN 1 kota Bengkulu ', '', '', '', '-'),
(334, 'Perpustakaan Bina Ilmu Talang Pauh, Kabupaten Bengkulu Tengah, Bengkulu 38371', '', '', '', '-'),
(335, 'Dinas Ketenagakerjaan dan Transmigrasi Provinsi Bengkulu', '', '', '', '-'),
(336, 'PT. Orbit Ventura Indonesia', '', '', '', '-'),
(337, 'Kantor Kelurahan Panorama Kota Bengkulu', '', '', '', '-'),
(338, 'Studi Independen Kampus Merdeka', '', '', '', '-'),
(339, 'Kantor  Kelurahan Kandang Limun, Kec. Muara Bangkahulu  Bengkulu ', '', '', '', '-'),
(340, 'JI. Wr. Supratman,Kandang Limun, kec.Muara Bangka Hulu, Kota Bengkulu', '', '', '', '-'),
(341, 'Alterra Academy', '', '', '', '-'),
(342, 'SMP NEGERI 4 KOTA BENGKULU', '', '', '', '-'),
(343, 'Program Studi Sistem Informasi, Fakultas Teknik, Universitas Bengkulu', '', '', '', '-'),
(344, 'Binar Academy', '', '', '', '-'),
(345, 'SMAN 7 Kota Bengkulu', '', '', '', '-'),
(346, 'Jl. Jendral Sudirman No.53. Rw 3. Senayan. Kec Kby. Baru. Jakarta, Indonesia ', '', '', '', '-'),
(347, 'Jl.MT.Hartyono No.37 RT.12/04 Kel.Pengantungan Kec.Samban Kota Bengkulu', '', '', '', '-'),
(348, 'Bangkit Academy', '', '', '', '-'),
(349, 'Museum Negeri Kota Bengkulu', '', '', '', '-'),
(350, 'SMP Negeri 21 Bengkulu', '', '', '', '-'),
(351, 'Bangkit Academy', '', '', '', '-'),
(352, 'CV TRACK 18', '', '', '', '-'),
(353, 'SMP Negeri 21 Bengkulu', '', '', '', '-'),
(354, 'Bangkit Academy', '', '', '', '-'),
(355, 'SD Negeri 41 Kota Bengkulu', '', '', '', '-'),
(356, 'SD Negeri 41 Kota Bengkulu', '', '', '', '-'),
(357, 'Fakultas Hukum Universitas Bengkulu', '', '', '', '-'),
(358, 'LPMP PROVINSI BENGKULU', '', '', '', '-'),
(359, 'SMP Negeri 14 Kota Bengkulu', '', '', '', '-'),
(360, 'Bangkit Academy', '', '', '', '-'),
(361, 'SMP Negeri 5 Bengkulu Tengah ', '', '', '', '-'),
(362, 'Kantor Cabang Human Initiative Bengkulu', '', '', '', '-'),
(363, 'Career development center (CDC) Universitas Bengkulu ', '', '', '', '-'),
(364, 'Jl. Cimanuk Km. 6,5, Jalan Gedang, Kec.Gading Cempaka, Kota Bengkulu Provinsi Bengkulu', '', '', '', '-'),
(365, 'Jl.MT.Haryono No 290, Kampung Bali, Kec. Teluk Segara, Kota Bengkulu', '', '', '', '-'),
(366, 'Inspektorat Daerah Kota Bengkulu ', '', '', '', '-'),
(367, 'SMKS 9 Muhammadiyah Kota Bengkulu ', '', '', '', '-'),
(368, 'Google, GoTo, Traveloka', '', '', '', '-'),
(369, '(BeanBagShop) Jl Ks Tubun Kel Jalan Gedang', '', '', '', '-'),
(370, 'Fakultas Pertanian Universitas Muhammadiyah Bengkulu', '', '', '', '-'),
(371, 'PT. Marka Kreasi Persada', '', '', '', '-'),
(372, 'Jalan. Merapi Ujung, Kelurahan Panorama ', '', '', '', '-'),
(373, 'SDIT IQRA 1 Kota Bengkulu', '', '', '', '-'),
(374, 'SMA IT IQRA KOTA BENGKULU', '', '', '', '-'),
(375, 'Jl. Situ Indah No. 116 RT. 006 RW. 010 Kel. Tugu, Kec. Cimanggis, Kota Depok, Jawa Barat', '', '', '', '-'),
(376, 'PT Nurul Fikri Cipta Inovasi', '', '', '', '-'),
(377, 'SMP Negeri 1 Kota Bengkulu', '', '', '', '-'),
(378, 'SDIT AL-MARJAN', '', '', '', '-'),
(379, 'SDIT Al-Marjan', '', '', '', '-'),
(380, 'JL. Seruni 1 nomor 2 Kelurahan Nusa Indah Kecamatan Ratu Agung', '', '', '', '-'),
(381, 'JLN.Kapuas Raya no.72B', '', '', '', '-'),
(382, 'SDIT Al-Marjan Kota Bengkulu', '', '', '', '-'),
(383, 'Kantor Bappeda Provinsi Bengkulu', '', '', '', '-'),
(384, 'Jalan Padat Karya Kel. Bentiring Kec. Muara Bangkahulu', '', '', '', '-'),
(385, 'Kota Bengkulu', '', '', '', '-'),
(386, 'Protokoler dan Pelayanan Tamu Setda Pemerintah Provinsi Bengkulu  ', '', '', '', '-'),
(387, 'Jurusan Sosial Ekonomi Universitas Bengkulu', '', '', '', '-'),
(388, 'PT Zona Edukasi Nusantara', '', '', '', '-'),
(389, 'PT Zona Edukasi Nusantara', '', '', '', '-'),
(390, 'SMA Negeri 4 Kota Bengkulu', '', '', '', '-'),
(391, 'Badan Kepegawaian Daerah Provinsi Bengkulu', '', '', '', '-'),
(392, 'PT Zona Edukasi Nusantara', '', '', '', '-'),
(393, 'TK Pembina 1 Kota Bengkulu', '', '', '', '-'),
(394, 'SMPIT IQRA\' Kota Bengkulu', '', '', '', '-'),
(395, 'SMKS 8 GRAKARSA', '', '', '', '-'),
(396, 'Smks 8 grakarsa', '', '', '', '-'),
(397, 'SMAIT IQRA KOTA BENGKULU', '', '', '', '-'),
(398, 'Fakultas Hukum Universitas Bengkulu', '', '', '', '-'),
(399, 'SMK IT Arsitek Kota Bengkulu', '', '', '', '-'),
(400, 'SMK IT ARSITEK', '', '', '', '-'),
(401, 'SMK IT Arsitek Kota Bengkulu', '', '', '', '-'),
(402, 'Fakultas Pertanian Jurusan Sosial Ekonomi', '', '', '', '-'),
(403, 'Alterra Academy', '', '', '', '-'),
(404, 'BKD Provinsi Bengkulu', '', '', '', '-'),
(405, 'UP3MP Fakultas Teknik Universitas Bengkulu ', '', '', '', '-'),
(406, 'Hacktiv8', '', '', '', '-'),
(407, 'Universitas Islam Negeri Fatmawati Sukarno Bengkulu', '', '', '', '-'),
(408, 'SMAN 8 Kota Bengkulu', '', '', '', '-'),
(409, 'Alterra Academy', '', '', '', '-');

-- --------------------------------------------------------

--
-- Table structure for table `tb_mahasiswa`
--

CREATE TABLE `tb_mahasiswa` (
  `npm` varchar(9) NOT NULL,
  `id_user` int(11) NOT NULL,
  `nama_mhs` varchar(45) NOT NULL,
  `email_mhs` varchar(45) NOT NULL,
  `telp_mhs` varchar(15) NOT NULL,
  `alamat_mhs` varchar(100) NOT NULL,
  `periode_kp` int(3) NOT NULL
) ENGINE=InnoDB DEFAULT CHARSET=utf8mb4;

--
-- Dumping data for table `tb_mahasiswa`
--

INSERT INTO `tb_mahasiswa` (`npm`, `id_user`, `nama_mhs`, `email_mhs`, `telp_mhs`, `alamat_mhs`, `periode_kp`) VALUES
('G1A013012', 87, 'Bimo Aditya Prayoga', 'dummy@gmail.com', '081122334455', 'alamat_dummy1', 1),
('G1A013038', 88, 'Latifah Nur Aini', 'dummy@gmail.com', '081122334455', 'alamat_dummy2', 1),
('G1A014003', 89, 'Selvia Gatriani', 'dummy@gmail.com', '081122334455', 'alamat_dummy3', 1),
('G1A014004', 90, 'Dita Retnowati', 'dummy@gmail.com', '081122334455', 'alamat_dummy4', 1),
('G1A014005', 91, 'Rizka Yulia Ningsih', 'dummy@gmail.com', '081122334455', 'alamat_dummy5', 1),
('G1A014006', 92, 'Aryani', 'dummy@gmail.com', '081122334455', 'alamat_dummy6', 1),
('G1A014007', 93, 'Warda Vesti Susilawati', 'dummy@gmail.com', '081122334455', 'alamat_dummy7', 1),
('G1A014008', 94, 'Eka Meliyen D.S.', 'dummy@gmail.com', '081122334455', 'alamat_dummy8', 1),
('G1A014009', 95, 'Regita Cahyanti', 'dummy@gmail.com', '081122334455', 'alamat_dummy9', 1),
('G1A014010', 96, 'Efajriani Tri Mareta', 'dummy@gmail.com', '081122334455', 'alamat_dummy10', 1),
('G1A014011', 97, 'Kurnia Nutriana Sitepu', 'dummy@gmail.com', '081122334455', 'alamat_dummy11', 1),
('G1A014012', 98, 'Hafzatin Nurlatifa', 'dummy@gmail.com', '081122334455', 'alamat_dummy12', 1),
('G1A014013', 99, 'M. Irfan Septiyanda', 'dummy@gmail.com', '081122334455', 'alamat_dummy13', 1),
('G1A014014', 100, 'Dimas Kurniawan W.', 'dummy@gmail.com', '081122334455', 'alamat_dummy14', 1),
('G1A014015', 101, 'Rabbiatun Jumiyanti', 'dummy@gmail.com', '081122334455', 'alamat_dummy15', 1),
('G1A014018', 102, 'Rezki Oksaputri', 'dummy@gmail.com', '081122334455', 'alamat_dummy16', 1),
('G1A014020', 103, 'M. Rodhi Supriyadi', 'dummy@gmail.com', '081122334455', 'alamat_dummy17', 1),
('G1A014024', 104, 'Randi Mahaputra', 'dummy@gmail.com', '081122334455', 'alamat_dummy18', 1),
('G1A014028', 105, 'Siti Hafiza', 'dummy@gmail.com', '081122334455', 'alamat_dummy19', 1),
('G1A014031', 106, 'Ryu River Saputra', 'dummy@gmail.com', '081122334455', 'alamat_dummy20', 1),
('G1A014034', 107, 'Breygas Andra', 'dummy@gmail.com', '081122334455', 'alamat_dummy21', 1),
('G1A014036', 108, 'Afief Husamudin', 'dummy@gmail.com', '081122334455', 'alamat_dummy22', 1),
('G1A014037', 258, 'Muhammad Hafizh', 'dummy@gmail.com', '081122334455', 'alamat_dummy172', 5),
('G1A014038', 109, 'Ayu Novitasari', 'dummy@gmail.com', '081122334455', 'alamat_dummy23', 1),
('G1A014040', 110, 'John Kenedy', 'dummy@gmail.com', '081122334455', 'alamat_dummy24', 1),
('G1A014041', 111, 'Rafles Abdi Putra', 'dummy@gmail.com', '081122334455', 'alamat_dummy25', 1),
('G1A014042', 112, 'Rachmi Uliza Hasibuan', 'dummy@gmail.com', '081122334455', 'alamat_dummy26', 1),
('G1A014043', 113, 'Angga Nurwanto', 'dummy@gmail.com', '081122334455', 'alamat_dummy27', 1),
('G1A014045', 114, 'Amanatuzzahrah', 'dummy@gmail.com', '081122334455', 'alamat_dummy28', 1),
('G1A014046', 115, 'Olivia Safitri', 'dummy@gmail.com', '081122334455', 'alamat_dummy29', 1),
('G1A014047', 116, 'Yudha Niagara', 'dummy@gmail.com', '081122334455', 'alamat_dummy30', 1),
('G1A014049', 117, 'Reza Eka Putra', 'dummy@gmail.com', '081122334455', 'alamat_dummy31', 1),
('G1A015001', 118, 'NOVI APRIYANA', 'dummy@gmail.com', '081122334455', 'alamat_dummy32', 2),
('G1A015002', 119, 'MUHAMMAD FIKRI IHSAN', 'dummy@gmail.com', '081122334455', 'alamat_dummy33', 2),
('G1A015003', 120, 'HERU SYAH PUTRA', 'dummy@gmail.com', '081122334455', 'alamat_dummy34', 2),
('G1A015004', 121, 'ROMDHONI SANI MILIANA', 'dummy@gmail.com', '081122334455', 'alamat_dummy35', 2),
('G1A015007', 122, 'QOLBY YOSTRA EVANT ADHA', 'dummy@gmail.com', '081122334455', 'alamat_dummy36', 2),
('G1A015008', 123, 'MUHAMMAD AKBARUL JALAL', 'dummy@gmail.com', '081122334455', 'alamat_dummy37', 2),
('G1A015009', 124, 'ANNISA ARSY TIARA', 'dummy@gmail.com', '081122334455', 'alamat_dummy38', 2),
('G1A015011', 125, 'FAISEN BAKTI', 'dummy@gmail.com', '081122334455', 'alamat_dummy39', 2),
('G1A015012', 126, 'ANDI IRVAN ZAKARIA', 'dummy@gmail.com', '081122334455', 'alamat_dummy40', 2),
('G1A015013', 127, 'WIDIA OKTARIANTI', 'dummy@gmail.com', '081122334455', 'alamat_dummy41', 2),
('G1A015016', 128, 'AJI DWI HERZA NOVARIADI', 'dummy@gmail.com', '081122334455', 'alamat_dummy42', 2),
('G1A015019', 129, 'OKI NOPRIANTO', 'dummy@gmail.com', '081122334455', 'alamat_dummy43', 2),
('G1A015020', 130, 'ILYOS ABDI SUDRAJAT', 'dummy@gmail.com', '081122334455', 'alamat_dummy44', 2),
('G1A015021', 131, 'M. RAKA MAULANA ALAN', 'dummy@gmail.com', '081122334455', 'alamat_dummy45', 2),
('G1A015022', 132, 'AGIEF MUFTAHID', 'dummy@gmail.com', '081122334455', 'alamat_dummy46', 2),
('G1A015023', 133, 'WIKA ANDITA', 'dummy@gmail.com', '081122334455', 'alamat_dummy47', 2),
('G1A015024', 134, 'NADINE DWI PERTIWI', 'dummy@gmail.com', '081122334455', 'alamat_dummy48', 2),
('G1A015025', 135, 'CAKRA BINTANG M', 'dummy@gmail.com', '081122334455', 'alamat_dummy49', 2),
('G1A015026', 136, 'NANDA SATRIAWAN', 'dummy@gmail.com', '081122334455', 'alamat_dummy50', 2),
('G1A015027', 137, 'MUHAMMAD RIVALDI', 'dummy@gmail.com', '081122334455', 'alamat_dummy51', 2),
('G1A015028', 138, 'SUDARTI SIBURIAN', 'dummy@gmail.com', '081122334455', 'alamat_dummy52', 2),
('G1A015029', 242, 'Choiriya Saputri', 'dummy@gmail.com', '081122334455', 'alamat_dummy156', 4),
('G1A015030', 139, 'YOSAN FREDIANTO', 'dummy@gmail.com', '081122334455', 'alamat_dummy53', 2),
('G1A015032', 140, 'HERIZA MAHENDRA', 'dummy@gmail.com', '081122334455', 'alamat_dummy54', 2),
('G1A015033', 141, 'MAHDARINA NASUTION', 'dummy@gmail.com', '081122334455', 'alamat_dummy55', 2),
('G1A015035', 142, 'FERMAN NATAMA HALOHO', 'dummy@gmail.com', '081122334455', 'alamat_dummy56', 2),
('G1A015036', 143, 'PUPUT PURNAMA SARI', 'dummy@gmail.com', '081122334455', 'alamat_dummy57', 2),
('G1A015037', 169, 'MUHAMMAD ANUGRAH AL FAJRI', 'dummy@gmail.com', '081122334455', 'alamat_dummy83', 3),
('G1A015039', 144, 'DANI PANGESTU', 'dummy@gmail.com', '081122334455', 'alamat_dummy58', 2),
('G1A015040', 170, 'ADI YULIANTO', 'dummy@gmail.com', '081122334455', 'alamat_dummy84', 3),
('G1A015042', 145, 'SANI PUTRIANA', 'dummy@gmail.com', '081122334455', 'alamat_dummy59', 2),
('G1A015043', 243, 'Muhammad Pranata Jaya Negara', 'dummy@gmail.com', '081122334455', 'alamat_dummy157', 5),
('G1A015044', 146, 'REYNALDI SUMANTRI NUGRAHA', 'dummy@gmail.com', '081122334455', 'alamat_dummy60', 2),
('G1A015045', 190, 'Lendra Kristian', 'dummy@gmail.com', '081122334455', 'alamat_dummy104', 3),
('G1A015046', 147, 'UGIK RACHMAD ANUGRAH', 'dummy@gmail.com', '081122334455', 'alamat_dummy61', 2),
('G1A015047', 171, 'ANJAS NAUFAL MOCHSAN', 'dummy@gmail.com', '081122334455', 'alamat_dummy85', 3),
('G1A015051', 244, 'Agung Jodiansyah', 'dummy@gmail.com', '081122334455', 'alamat_dummy158', 5),
('G1A015052', 148, 'MIKKO ADRIAN', 'dummy@gmail.com', '081122334455', 'alamat_dummy62', 2),
('G1A015054', 149, 'AFIBEL NADHIFA TAMARUZ', 'dummy@gmail.com', '081122334455', 'alamat_dummy63', 2),
('G1A015055', 172, 'SYOFIAN IRWANDA', 'dummy@gmail.com', '081122334455', 'alamat_dummy86', 3),
('G1A015056', 150, 'ADI AHMAD JALIL', 'dummy@gmail.com', '081122334455', 'alamat_dummy64', 2),
('G1A015057', 151, 'M. YANUAR AFIF FURQAN', 'dummy@gmail.com', '081122334455', 'alamat_dummy65', 2),
('G1A015058', 152, 'BIMO PRASETYO', 'dummy@gmail.com', '081122334455', 'alamat_dummy66', 2),
('G1A015061', 153, 'ERICH ADINAL ADRIAN', 'dummy@gmail.com', '081122334455', 'alamat_dummy67', 2),
('G1A015062', 154, 'PRIMA MARDONA', 'dummy@gmail.com', '081122334455', 'alamat_dummy68', 2),
('G1A015063', 155, 'ADITIA ROMUALDO', 'dummy@gmail.com', '081122334455', 'alamat_dummy69', 2),
('G1A015064', 156, 'EKA AGUSTIN', 'dummy@gmail.com', '081122334455', 'alamat_dummy70', 2),
('G1A015065', 157, 'RICKY SADEWA', 'dummy@gmail.com', '081122334455', 'alamat_dummy71', 2),
('G1A015067', 173, 'M NAUFAL PRATAMA PUTRA', 'dummy@gmail.com', '081122334455', 'alamat_dummy87', 3),
('G1A015068', 158, 'RIKI ZULFAHMI', 'dummy@gmail.com', '081122334455', 'alamat_dummy72', 2),
('G1A015069', 159, 'ILHAM AKBAR DONNY', 'dummy@gmail.com', '081122334455', 'alamat_dummy73', 2),
('G1A015070', 160, 'ERLIA YUASTIKA', 'dummy@gmail.com', '081122334455', 'alamat_dummy74', 2),
('G1A015071', 245, 'Rexy Firanza', 'dummy@gmail.com', '081122334455', 'alamat_dummy159', 5),
('G1A015072', 174, 'ANDRIAN MUKHTADIN', 'dummy@gmail.com', '081122334455', 'alamat_dummy88', 3),
('G1A015073', 161, 'M. FAKHRI HUSAENI', 'dummy@gmail.com', '081122334455', 'alamat_dummy75', 2),
('G1A015076', 162, 'FENTY OKTAVIA', 'dummy@gmail.com', '081122334455', 'alamat_dummy76', 2),
('G1A015078', 163, 'SYIFA MAWADDAH', 'dummy@gmail.com', '081122334455', 'alamat_dummy77', 2),
('G1A015079', 164, 'FRANKY HERNOZA', 'dummy@gmail.com', '081122334455', 'alamat_dummy78', 2),
('G1A015080', 165, 'DYAH TRI SAZMITA', 'dummy@gmail.com', '081122334455', 'alamat_dummy79', 2),
('G1A015081', 175, 'KRISNA PRASTIO', 'dummy@gmail.com', '081122334455', 'alamat_dummy89', 3),
('G1A015082', 166, 'NOVIA BELLA VISTA', 'dummy@gmail.com', '081122334455', 'alamat_dummy80', 2),
('G1A015085', 167, 'RIDHO ANDRIANO', 'dummy@gmail.com', '081122334455', 'alamat_dummy81', 2),
('G1A015086', 168, 'MIRANTI NOPITA SARI', 'dummy@gmail.com', '081122334455', 'alamat_dummy82', 2),
('G1A016001', 176, 'DINILAKEPEAL VICI', 'dummy@gmail.com', '081122334455', 'alamat_dummy90', 3),
('G1A016003', 177, 'YOSI HERIANTI', 'dummy@gmail.com', '081122334455', 'alamat_dummy91', 3),
('G1A016005', 191, 'TIAN HARDI', 'dummy@gmail.com', '081122334455', 'alamat_dummy105', 4),
('G1A016009', 178, 'LEKAT HARYANI', 'dummy@gmail.com', '081122334455', 'alamat_dummy92', 3),
('G1A016017', 308, 'UTAMA KHALID LUBIS', 'dummy@gmail.com', '', 'alamat_dummy219', 7),
('G1A016018', 179, 'NURAINI', 'dummy@gmail.com', '081122334455', 'alamat_dummy93', 3),
('G1A016020', 246, 'Jaka Saputra', 'dummy@gmail.com', '081122334455', 'alamat_dummy160', 5),
('G1A016022', 180, 'JOPA YOPENTO', 'dummy@gmail.com', '081122334455', 'alamat_dummy94', 3),
('G1A016024', 181, 'FAISAL INASRI HIDAYAT', 'dummy@gmail.com', '081122334455', 'alamat_dummy95', 3),
('G1A016027', 182, 'VIVIN PURNAMA RANI', 'dummy@gmail.com', '081122334455', 'alamat_dummy96', 3),
('G1A016030', 183, 'FURQON AFFANDI', 'dummy@gmail.com', '081122334455', 'alamat_dummy97', 3),
('G1A016037', 192, 'DIMAS MAHARDIKA', 'dummy@gmail.com', '081122334455', 'alamat_dummy106', 4),
('G1A016041', 184, 'RIZQI DESTA SARI', 'dummy@gmail.com', '081122334455', 'alamat_dummy98', 3),
('G1A016046', 185, 'AJEI IBNU RAHMAT', 'dummy@gmail.com', '081122334455', 'alamat_dummy99', 3),
('G1A016047', 193, 'Noval Rizkiansyah', 'dummy@gmail.com', '081122334455', 'alamat_dummy107', 4),
('G1A016053', 259, 'DEGI PUTRA PAMUNGKAS', 'dummy@gmail.com', '081122334455', 'alamat_dummy173', 6),
('G1A016055', 186, 'ABI DARYANSYAH', 'dummy@gmail.com', '081122334455', 'alamat_dummy100', 3),
('G1A016061', 194, 'Adjie Mahreza Nugraha', 'dummy@gmail.com', '081122334455', 'alamat_dummy108', 4),
('G1A016065', 247, 'Muhammad Hafiz Afif ', 'dummy@gmail.com', '081122334455', 'alamat_dummy161', 5),
('G1A016066', 187, 'IRVAN ALFAJRI', 'dummy@gmail.com', '081122334455', 'alamat_dummy101', 3),
('G1A016074', 195, 'WIHRALDO PUTRA HELMILIAN', 'dummy@gmail.com', '081122334455', 'alamat_dummy109', 4),
('G1A016078', 314, 'Kinanti Ika Oktarinata', 'dummy@gmail.com', '', 'alamat_dummy225', 7),
('G1A016080', 188, 'M IMAM FARUQ BUDIMAN', 'dummy@gmail.com', '081122334455', 'alamat_dummy102', 3),
('G1A016081', 248, 'Modes Rahman Habib', 'dummy@gmail.com', '081122334455', 'alamat_dummy162', 5),
('G1A016084', 196, 'Irwan Rahmadi', 'dummy@gmail.com', '081122334455', 'alamat_dummy110', 4),
('G1A016086', 189, 'BAYU AJI MUCHAROM', 'dummy@gmail.com', '081122334455', 'alamat_dummy103', 3),
('G1A017001', 197, 'Yunasti', 'dummy@gmail.com', '081122334455', 'alamat_dummy111', 4),
('G1A017002', 198, 'ATISAH AMSAKA RIZKA', 'dummy@gmail.com', '081122334455', 'alamat_dummy112', 4),
('G1A017003', 199, 'Gina Laxmi Yolanda', 'dummy@gmail.com', '081122334455', 'alamat_dummy113', 4),
('G1A017004', 200, 'Dwi Utari', 'dummy@gmail.com', '081122334455', 'alamat_dummy114', 4),
('G1A017005', 201, 'SATRIANI PUTRI', 'dummy@gmail.com', '081122334455', 'alamat_dummy115', 4),
('G1A017006', 202, 'DHELA SALSABILAH DILIYANTI', 'dummy@gmail.com', '081122334455', 'alamat_dummy116', 4),
('G1A017007', 203, 'Adeliana Puteri', 'dummy@gmail.com', '081122334455', 'alamat_dummy117', 4),
('G1A017008', 204, 'Febri Yalda Sulistia', 'dummy@gmail.com', '081122334455', 'alamat_dummy118', 4),
('G1A017010', 205, 'DANNY PRIHANDOKO', 'dummy@gmail.com', '081122334455', 'alamat_dummy119', 4),
('G1A017012', 206, 'Yogi Afrizah', 'dummy@gmail.com', '081122334455', 'alamat_dummy120', 4),
('G1A017013', 260, 'ISTIQAMATUL BADRIAH', 'dummy@gmail.com', '081122334455', 'alamat_dummy174', 6),
('G1A017014', 207, 'Nur Faizah', 'dummy@gmail.com', '081122334455', 'alamat_dummy121', 4),
('G1A017016', 249, 'Sefti Wulandari', 'dummy@gmail.com', '081122334455', 'alamat_dummy163', 5),
('G1A017017', 208, 'Deni Ramadani', 'dummy@gmail.com', '081122334455', 'alamat_dummy122', 4),
('G1A017018', 209, 'Sri Indarti', 'dummy@gmail.com', '081122334455', 'alamat_dummy123', 4),
('G1A017019', 309, 'Deky Anjas Pratama', 'dummy@gmail.com', '', 'alamat_dummy220', 7),
('G1A017020', 250, 'Bela Sapira', 'dummy@gmail.com', '081122334455', 'alamat_dummy164', 5),
('G1A017021', 210, 'DERI AFRIANDA', 'dummy@gmail.com', '081122334455', 'alamat_dummy124', 4),
('G1A017022', 211, 'M Ikhwan Alif M', 'dummy@gmail.com', '081122334455', 'alamat_dummy125', 4),
('G1A017023', 261, 'Muhaammad Wahyu Syawalin', 'dummy@gmail.com', '081122334455', 'alamat_dummy175', 6),
('G1A017024', 212, 'Mia Martha Amalia', 'dummy@gmail.com', '081122334455', 'alamat_dummy126', 4),
('G1A017025', 213, 'Farjun Azandi', 'dummy@gmail.com', '081122334455', 'alamat_dummy127', 4),
('G1A017026', 214, 'Via Novitasari', 'dummy@gmail.com', '081122334455', 'alamat_dummy128', 4),
('G1A017027', 215, 'Bima Novrika Pasah ', 'dummy@gmail.com', '081122334455', 'alamat_dummy129', 4),
('G1A017028', 216, 'Habib Abdul Azis', 'dummy@gmail.com', '081122334455', 'alamat_dummy130', 4),
('G1A017030', 217, 'Muhammad Randa Yandika', 'dummy@gmail.com', '081122334455', 'alamat_dummy131', 4),
('G1A017031', 218, 'Vinta Asmika', 'dummy@gmail.com', '081122334455', 'alamat_dummy132', 4),
('G1A017032', 219, 'ARRUM AL\'ADAWIYAH', 'dummy@gmail.com', '081122334455', 'alamat_dummy133', 4),
('G1A017033', 220, 'Anisa Jelita', 'dummy@gmail.com', '081122334455', 'alamat_dummy134', 4),
('G1A017034', 221, 'Nanda Tri Yaswan', 'dummy@gmail.com', '081122334455', 'alamat_dummy135', 4),
('G1A017035', 222, 'Muhammad Azrie Pradiptha Dwinanda', 'dummy@gmail.com', '081122334455', 'alamat_dummy136', 4),
('G1A017036', 251, 'Akbar Rozaaq Arda ', 'dummy@gmail.com', '081122334455', 'alamat_dummy165', 5),
('G1A017037', 252, 'Yosi Pariska', 'dummy@gmail.com', '081122334455', 'alamat_dummy166', 5),
('G1A017038', 223, 'Rizky Amanah Putra', 'alamat_dummy@gmail.com', '081377649742', 'Jl. Unib Permai Blok 2C', 4),
('G1A017039', 253, 'Muhammad Afif Asyraf', 'dummy@gmail.com', '081122334455', 'alamat_dummy167', 5),
('G1A017040', 224, 'SILVIA DWI PUSPITASARI', 'dummy@gmail.com', '081122334455', 'alamat_dummy138', 4),
('G1A017042', 322, 'Muhammad Hanif Al Abid', 'dummy@gmail.com', '', 'alamat_dummy233', 7),
('G1A017043', 225, 'DARU WICAKSONO', 'dummy@gmail.com', '081122334455', 'alamat_dummy139', 4),
('G1A017044', 226, 'Hasna Nur Insyiroh', 'dummy@gmail.com', '081122334455', 'alamat_dummy140', 4),
('G1A017048', 262, 'Aditya Wahyu Laksana', 'dummy@gmail.com', '081122334455', 'alamat_dummy176', 6),
('G1A017049', 227, 'Azzahrah Nur Awaliah Sobri', 'dummy@gmail.com', '081122334455', 'alamat_dummy141', 4),
('G1A017051', 345, 'Jandri Natalio', 'dummy@gmail.com', '', 'alamat_dummy256', 7),
('G1A017052', 228, 'Guman Iradi', 'dummy@gmail.com', '081122334455', 'alamat_dummy142', 4),
('G1A017053', 229, 'ASTRI WIDYASTITI', 'dummy@gmail.com', '081122334455', 'alamat_dummy143', 4),
('G1A017054', 254, 'Teguh Purwadi ', 'dummy@gmail.com', '081122334455', 'alamat_dummy168', 5),
('G1A017056', 230, 'Muhammad Zendi Dwi Virnanda', 'dummy@gmail.com', '081122334455', 'alamat_dummy144', 4),
('G1A017059', 231, 'Kike Indah Yuli Guspita', 'dummy@gmail.com', '081122334455', 'alamat_dummy145', 4),
('G1A017060', 232, 'Hastri Winanda', 'dummy@gmail.com', '081122334455', 'alamat_dummy146', 4),
('G1A017061', 233, 'ULFAH NUR AZIZAH', 'dummy@gmail.com', '081122334455', 'alamat_dummy147', 4),
('G1A017063', 234, 'Ulvia Agustina', 'dummy@gmail.com', '081122334455', 'alamat_dummy148', 4),
('G1A017064', 235, 'Renaldi Rahmat Faisal', 'dummy@gmail.com', '081122334455', 'alamat_dummy149', 4),
('G1A017065', 236, 'ETIKA DWI LESTARI', 'dummy@gmail.com', '081122334455', 'alamat_dummy150', 4),
('G1A017066', 255, 'Hernando Putra Herijon', 'dummy@gmail.com', '081122334455', 'alamat_dummy169', 5),
('G1A017067', 256, 'Leri Riski Nata', 'dummy@gmail.com', '081122334455', 'alamat_dummy170', 5),
('G1A017069', 257, 'Satria Efriyadi ', 'dummy@gmail.com', '081122334455', 'alamat_dummy171', 5),
('G1A017070', 237, 'Safitri Rahayu Nurhaeni', 'dummy@gmail.com', '081122334455', 'alamat_dummy151', 4),
('G1A017074', 238, 'Muhammad Toby Suwindra', 'dummy@gmail.com', '081122334455', 'alamat_dummy152', 4),
('G1A017075', 316, 'Ridho Mansyah', 'dummy@gmail.com', '', 'alamat_dummy227', 7),
('G1A017077', 239, 'TRISKA MARDIANSYAH', 'dummy@gmail.com', '081122334455', 'alamat_dummy153', 4),
('G1A017078', 240, 'Muh. Fahrezza Novaldi', 'dummy@gmail.com', '081122334455', 'alamat_dummy154', 4),
('G1A017080', 241, 'Zahira Salabila Barly', 'dummy@gmail.com', '081122334455', 'alamat_dummy155', 4),
('G1A018001', 319, 'Agung Destio', 'dummy@gmail.com', '', 'alamat_dummy230', 7),
('G1A018002', 263, 'Jemmi Alfarobi', 'dummy@gmail.com', '081122334455', 'alamat_dummy177', 6),
('G1A018003', 396, 'Muhammad imamul jalal', 'dummy@gmail.com', '', 'alamat_dummy308', 7),
('G1A018004', 357, 'Alinur Fradita Utari', 'dummy@gmail.com', '', 'alamat_dummy268', 7),
('G1A018005', 264, 'FITRI DWI RAHMATULAINI', 'dummy@gmail.com', '081122334455', 'alamat_dummy178', 6),
('G1A018007', 265, 'AKNIA FAZA HERYUANTI', 'dummy@gmail.com', '081122334455', 'alamat_dummy179', 6),
('G1A018008', 339, 'Meli Tri Yanti ', 'dummy@gmail.com', '', 'alamat_dummy250', 7),
('G1A018009', 266, 'Lovida Royani', 'dummy@gmail.com', '081122334455', 'alamat_dummy180', 6),
('G1A018011', 267, 'Etia Rosalina', 'dummy@gmail.com', '081122334455', 'alamat_dummy181', 6),
('G1A018012', 268, 'Putri Rahayu', 'dummy@gmail.com', '081122334455', 'alamat_dummy182', 6),
('G1A018013', 269, 'Rinda Ayu Lestari', 'dummy@gmail.com', '081122334455', 'alamat_dummy183', 6),
('G1A018014', 270, 'Miftah Fadhlurrohman', 'dummy@gmail.com', '081122334455', 'alamat_dummy184', 6),
('G1A018015', 271, 'Neferly Arif Budiman', 'dummy@gmail.com', '081122334455', 'alamat_dummy185', 6),
('G1A018017', 327, 'INAYATI ISMI', 'dummy@gmail.com', '', 'alamat_dummy238', 7),
('G1A018018', 272, 'Ristianah', 'dummy@gmail.com', '081122334455', 'alamat_dummy186', 6),
('G1A018019', 273, 'HANIFAH NUR SAFITRI', 'dummy@gmail.com', '081122334455', 'alamat_dummy187', 6),
('G1A018020', 336, 'Tegar Kasih Satria', 'dummy@gmail.com', '', 'alamat_dummy247', 7),
('G1A018021', 274, 'Annisa Rahmawati', 'dummy@gmail.com', '081122334455', 'alamat_dummy188', 6),
('G1A018023', 275, 'Sahrial Ihsani Ishak', 'dummy@gmail.com', '081122334455', 'alamat_dummy189', 6),
('G1A018025', 276, 'Stefani Tasya Hallatu', 'dummy@gmail.com', '081122334455', 'alamat_dummy190', 6),
('G1A018026', 277, 'Aditya Rizki Ananda', 'dummy@gmail.com', '081122334455', 'alamat_dummy191', 6),
('G1A018027', 278, 'FEBRIDILA NURUL MASYITA', 'dummy@gmail.com', '081122334455', 'alamat_dummy192', 6),
('G1A018028', 279, 'Ajie Nofrizan', 'dummy@gmail.com', '081122334455', 'alamat_dummy193', 6),
('G1A018031', 346, 'Anjas Wiranta Tarigan', 'dummy@gmail.com', '', 'alamat_dummy257', 7),
('G1A018033', 395, 'HAFIZ HIDAYAT', 'dummy@gmail.com', '', 'alamat_dummy307', 7),
('G1A018034', 280, 'INTAN PERMATA HATI', 'dummy@gmail.com', '081122334455', 'alamat_dummy194', 6),
('G1A018035', 362, 'Arsyi Arif Agami', 'dummy@gmail.com', '', 'alamat_dummy273', 7),
('G1A018037', 347, 'Naufal Rizky Ananda', 'dummy@gmail.com', '', 'alamat_dummy258', 7),
('G1A018044', 281, 'Fatma Juwita', 'dummy@gmail.com', '081122334455', 'alamat_dummy195', 6),
('G1A018045', 325, 'Tedhy Erlansyah', 'dummy@gmail.com', '', 'alamat_dummy236', 7),
('G1A018046', 282, 'Naufal Hafizh Dhiya Ulhaq', 'dummy@gmail.com', '081122334455', 'alamat_dummy196', 6),
('G1A018048', 341, 'Ahzami Janata', 'dummy@gmail.com', '', 'alamat_dummy252', 7),
('G1A018049', 283, 'Devina Fitria', 'dummy@gmail.com', '081122334455', 'alamat_dummy197', 6),
('G1A018050', 284, 'Vira Rahma', 'dummy@gmail.com', '081122334455', 'alamat_dummy198', 6),
('G1A018051', 285, 'Tiya Suci Hamimmah', 'dummy@gmail.com', '081122334455', 'alamat_dummy199', 6),
('G1A018052', 286, 'Yanti Simanjuntak', 'dummy@gmail.com', '081122334455', 'alamat_dummy200', 6),
('G1A018053', 323, 'Wasep Triansyah', 'dummy@gmail.com', '', 'alamat_dummy234', 7),
('G1A018054', 287, 'RAHMAT FIKRI WAHYUDI', 'dummy@gmail.com', '081122334455', 'alamat_dummy201', 6),
('G1A018057', 288, 'Harizaldy Cahya Pratama', 'dummy@gmail.com', '081122334455', 'alamat_dummy202', 6),
('G1A018058', 289, 'Edwar Antoni', 'dummy@gmail.com', '081122334455', 'alamat_dummy203', 6),
('G1A018059', 290, 'Nora Angella', 'dummy@gmail.com', '081122334455', 'alamat_dummy204', 6),
('G1A018063', 291, 'Muhammad Farabie', 'dummy@gmail.com', '081122334455', 'alamat_dummy205', 6),
('G1A018064', 292, 'Gusman Wijaya', 'dummy@gmail.com', '081122334455', 'alamat_dummy206', 6),
('G1A018065', 369, 'Danny Brantadikara', 'dummy@gmail.com', '', 'alamat_dummy281', 7),
('G1A018066', 293, 'Nur Annisa Apriliani Herman Putri', 'dummy@gmail.com', '081122334455', 'alamat_dummy207', 6),
('G1A018067', 294, 'Muhammad Reyhan Firdaus', 'dummy@gmail.com', '081122334455', 'alamat_dummy208', 6),
('G1A018068', 344, 'FARREL ALIFYANDRA AKBAR', 'dummy@gmail.com', '', 'alamat_dummy255', 7),
('G1A018073', 295, 'DEA FANIA', 'dummy@gmail.com', '081122334455', 'alamat_dummy209', 6),
('G1A018074', 296, 'Muhammad Pratama Hidayatullah', 'dummy@gmail.com', '081122334455', 'alamat_dummy210', 6),
('G1A018075', 358, 'Iffan Alfitziki Rahmadani', 'dummy@gmail.com', '', 'alamat_dummy269', 7),
('G1A018076', 330, 'Fernando Ferdyansyah', 'dummy@gmail.com', '', 'alamat_dummy241', 7),
('G1A018077', 297, 'TRI ANNISA GUSTYANINGRUM', 'dummy@gmail.com', '081122334455', 'alamat_dummy211', 6),
('G1A018078', 298, 'Nabilah Ghinanti Suci', 'dummy@gmail.com', '081122334455', 'alamat_dummy212', 6),
('G1A018079', 331, 'Achmad Rilwanul Izzati', 'dummy@gmail.com', '', 'alamat_dummy242', 7),
('G1A018081', 299, 'M. Akbar Maulana', 'dummy@gmail.com', '081122334455', 'alamat_dummy213', 6),
('G1A018082', 371, 'Ferdiansyah Asyraf Rizqullah', 'dummy@gmail.com', '', 'alamat_dummy283', 7),
('G1A018084', 300, 'Iqbal Muhammad Gibran', 'dummy@gmail.com', '081122334455', 'alamat_dummy214', 6),
('G1A018086', 301, 'MEYZAN AL YUTRA', 'dummy@gmail.com', '081122334455', 'alamat_dummy215', 6),
('G1A018087', 302, 'Dwi Lestari', 'dummy@gmail.com', '081122334455', 'alamat_dummy216', 6),
('G1A018089', 303, 'Elvina Salsabila', 'dummy@gmail.com', '081122334455', 'alamat_dummy217', 6),
('G1A018090', 359, 'Muhammad Hamzah Asyraf', 'dummy@gmail.com', '', 'alamat_dummy270', 7),
('G1A018091', 304, 'Raju Wahyudi Pratama', 'dummy@gmail.com', '081122334455', 'alamat_dummy218', 6),
('G1A018092', 361, 'NURSITA', 'dummy@gmail.com', '', 'alamat_dummy272', 7),
('G1A019001', 404, 'Ismiranda Syahfitri', 'dummy@gmail.com', '', 'alamat_dummy316', 7),
('G1A019002', 332, 'Yusuf Nasrulloh', 'dummy@gmail.com', '', 'alamat_dummy243', 7),
('G1A019003', 355, 'Firsti Eliora', 'dummy@gmail.com', '', 'alamat_dummy266', 7),
('G1A019005', 391, 'Ninda Puji Lestari', 'dummy@gmail.com', '', 'alamat_dummy303', 7),
('G1A019006', 317, 'Astuti Zahrroh', 'dummy@gmail.com', '', 'alamat_dummy228', 7),
('G1A019007', 356, 'Renti Epana Sari', 'dummy@gmail.com', '', 'alamat_dummy267', 7),
('G1A019008', 383, 'Balqis Nabila Aulia Putri', 'dummy@gmail.com', '', 'alamat_dummy295', 7),
('G1A019010', 338, 'Wahyu Dwi Prasetio', 'dummy@gmail.com', '', 'alamat_dummy249', 7),
('G1A019011', 390, 'Yahya Masykur Nurhamdi', 'dummy@gmail.com', '', 'alamat_dummy302', 7),
('G1A019012', 393, 'Fedryanto Dartiko', 'dummy@gmail.com', '', 'alamat_dummy305', 7),
('G1A019014', 326, 'Mufti Restu Mahesa', 'dummy@gmail.com', '', 'alamat_dummy237', 7),
('G1A019015', 311, 'Febrianto Ramandes', 'dummy@gmail.com', '', 'alamat_dummy222', 7),
('G1A019017', 351, 'Ridha Nafila Turrahma', 'dummy@gmail.com', '', 'alamat_dummy262', 7),
('G1A019018', 367, 'RIZKI GUSMANTO ', 'dummy@gmail.com', '', 'alamat_dummy278', 7),
('G1A019020', 340, 'Desi Ade Winda.P', 'dummy@gmail.com', '', 'alamat_dummy251', 7),
('G1A019022', 353, 'Dewi Silvia Panjaitan', 'dummy@gmail.com', '', 'alamat_dummy264', 7),
('G1A019023', 376, 'ADAM IDHAM RAMADHAN', 'dummy@gmail.com', '', 'alamat_dummy288', 7),
('G1A019024', 382, 'Muhammad Gusfach Afrialdho Utama', 'dummy@gmail.com', '', 'alamat_dummy294', 7),
('G1A019025', 334, 'Rifqi Naufal', 'dummy@gmail.com', '', 'alamat_dummy245', 7),
('G1A019026', 388, 'Aisyah Amalia Al Fitri', 'dummy@gmail.com', '', 'alamat_dummy300', 7),
('G1A019027', 379, 'Daffa Khoiri', 'dummy@gmail.com', '', 'alamat_dummy291', 7),
('G1A019028', 401, 'Muhammad Naufal Fahrezi', 'dummy@gmail.com', '', 'alamat_dummy313', 7),
('G1A019029', 335, 'Rivaldi Arta Wijaya', 'dummy@gmail.com', '', 'alamat_dummy246', 7),
('G1A019030', 337, 'Andrei Jonior Gustari', 'dummy@gmail.com', '', 'alamat_dummy248', 7),
('G1A019031', 400, 'M.Pandu Patana', 'dummy@gmail.com', '', 'alamat_dummy312', 7),
('G1A019032', 397, 'Aidil Syadam Radihan', 'dummy@gmail.com', '', 'alamat_dummy309', 7),
('G1A019033', 354, 'MUHAMMAD DAFFA ALFAJRI', 'dummy@gmail.com', '', 'alamat_dummy265', 7),
('G1A019034', 368, 'Adde Nanda Caesario Putra', 'dummy@gmail.com', '', 'alamat_dummy280', 7),
('G1A019035', 377, 'Febby novriananda putri', 'dummy@gmail.com', '', 'alamat_dummy289', 7),
('G1A019036', 342, 'YUSNI MEIHESA', 'dummy@gmail.com', '', 'alamat_dummy253', 7),
('G1A019037', 329, 'Muhammad Fajrianto', 'dummy@gmail.com', '', 'alamat_dummy240', 7),
('G1A019038', 407, 'Diyah Ishita Azaharah', 'dummy@gmail.com', '', 'alamat_dummy319', 7),
('G1A019039', 348, 'Sindhi Vinata', 'dummy@gmail.com', '', 'alamat_dummy259', 7),
('G1A019040', 370, 'Hafidz Muhammad Wirawan', 'dummy@gmail.com', '', 'alamat_dummy282', 7),
('G1A019041', 408, 'Faridho Catur Pamungkas', 'dummy@gmail.com', '', 'alamat_dummy320', 7),
('G1A019043', 398, 'Gita Dwi Putriani', 'dummy@gmail.com', '', 'alamat_dummy310', 7),
('G1A019044', 343, 'Siti Rochika Qori', 'dummy@gmail.com', '', 'alamat_dummy254', 7),
('G1A019046', 387, 'Ikhsan Adi Nugroho', 'dummy@gmail.com', '', 'alamat_dummy299', 7),
('G1A019047', 406, 'Ahmad Faris', 'dummy@gmail.com', '', 'alamat_dummy318', 7),
('G1A019048', 321, 'Refki Jorgi Pradana', 'dummy@gmail.com', '', 'alamat_dummy232', 7),
('G1A019049', 372, 'Bryan Pasaribu ', 'dummy@gmail.com', '', 'alamat_dummy284', 7),
('G1A019051', 402, 'jessy mandasari', 'dummy@gmail.com', '', 'alamat_dummy314', 7),
('G1A019054', 373, 'Hanan Raihana', 'dummy@gmail.com', '', 'alamat_dummy285', 7),
('G1A019055', 313, 'Adha Dont Differatama', 'dummy@gmail.com', '', 'alamat_dummy224', 7),
('G1A019057', 394, 'Muhammad Rizki Fadilah', 'dummy@gmail.com', '', 'alamat_dummy306', 7),
('G1A019059', 315, 'Miranda Tiara Sella', 'dummy@gmail.com', '', 'alamat_dummy226', 7),
('G1A019061', 405, 'Martin Mulyo Syahidin ', 'dummy@gmail.com', '', 'alamat_dummy317', 7),
('G1A019062', 360, 'Muhammad Wijaya Permana', 'dummy@gmail.com', '', 'alamat_dummy271', 7),
('G1A019063', 366, 'Shaddam Muhammad Iqbal', 'dummy@gmail.com', '', 'alamat_dummy277', 7),
('G1A019065', 350, 'JOI PEBRIANTY HASIAN LUMBANRAJA', 'dummy@gmail.com', '', 'alamat_dummy261', 7),
('G1A019066', 389, 'Randi Julian Saputra', 'dummy@gmail.com', '', 'alamat_dummy301', 7),
('G1A019068', 318, 'ROLIN SANJAYA TAMBA', 'dummy@gmail.com', '', 'alamat_dummy229', 7),
('G1A019071', 312, 'M. Aulia Abdurrahman', 'dummy@gmail.com', '', 'alamat_dummy223', 7),
('G1A019072', 349, 'Hendra Yesekyel', 'dummy@gmail.com', '', 'alamat_dummy260', 7),
('G1A019073', 328, 'Krisna Wahyudi', 'dummy@gmail.com', '', 'alamat_dummy239', 7),
('G1A019074', 333, 'Nabilatul Balqis ', 'dummy@gmail.com', '', 'alamat_dummy244', 7),
('G1A019075', 399, 'Firmansyah Alfarisi', 'dummy@gmail.com', '', 'alamat_dummy311', 7),
('G1A019076', 403, 'Murfid Aqil', 'dummy@gmail.com', '', 'alamat_dummy315', 7),
('G1A019077', 386, 'Muhammad Ikhsan Prasanidirta', 'dummy@gmail.com', '', 'alamat_dummy298', 7),
('G1A019078', 364, 'RASYA RATU MEILANI', 'dummy@gmail.com', '', 'alamat_dummy275', 7),
('G1A019081', 363, 'Annisa Kurniati ', 'dummy@gmail.com', '', 'alamat_dummy274', 7),
('G1A019082', 352, 'Alfath Arif Rizkullah', 'dummy@gmail.com', '', 'alamat_dummy263', 7),
('G1A019083', 310, 'Berlian Tri Saputra', 'dummy@gmail.com', '', 'alamat_dummy221', 7),
('G1A019084', 324, 'NOFA RIMA YANTI NASUTION', 'dummy@gmail.com', '', 'alamat_dummy235', 7),
('G1A019085', 375, 'YOGI PRATAMA', 'dummy@gmail.com', '', 'alamat_dummy287', 7),
('G1A019086', 384, 'Rizky Aruni', 'dummy@gmail.com', '', 'alamat_dummy296', 7),
('G1A019088', 385, 'Alan Syahlan Santriago', 'dummy@gmail.com', '', 'alamat_dummy297', 7),
('G1A019089', 378, 'Muhammad Rizky Aditya', 'dummy@gmail.com', '', 'alamat_dummy290', 7),
('G1A019091', 409, 'Muhammad Fikri Hidayatullah ', 'dummy@gmail.com', '', 'alamat_dummy321', 7),
('G1A019092', 380, 'OKTO REDO', 'dummy@gmail.com', '', 'alamat_dummy292', 7),
('G1A019093', 365, 'Nadila Zumitia Putri', 'dummy@gmail.com', '', 'alamat_dummy276', 7),
('G1A019094', 381, 'Rizkianda Rahmansyah', 'dummy@gmail.com', '', 'alamat_dummy293', 7),
('G1A019095', 374, 'Muhammad Alif Fachriansyah', 'dummy@gmail.com', '', 'alamat_dummy286', 7),
('G1A019096', 320, 'Agung Rahmatsyah ', 'dummy@gmail.com', '', 'alamat_dummy231', 7),
('G1A019098', 392, 'Rahwini Harpa Helda', 'dummy@gmail.com', '', 'alamat_dummy304', 7);

-- --------------------------------------------------------

--
-- Table structure for table `tb_nilai`
--

CREATE TABLE `tb_nilai` (
  `id_nilai` int(11) NOT NULL,
  `npm` varchar(9) NOT NULL,
  `nilai_pemb` int(3) NOT NULL,
  `nilai_peng1` int(3) NOT NULL,
  `nilai_peng2` int(3) NOT NULL,
  `nilai_pl` int(3) NOT NULL
) ENGINE=InnoDB DEFAULT CHARSET=utf8;

--
-- Dumping data for table `tb_nilai`
--

INSERT INTO `tb_nilai` (`id_nilai`, `npm`, `nilai_pemb`, `nilai_peng1`, `nilai_peng2`, `nilai_pl`) VALUES
(87, 'G1A013012', 85, 83, 70, 90),
(88, 'G1A013038', 85, 78, 75, 90),
(89, 'G1A014003', 87, 85, 85, 88),
(90, 'G1A014004', 75, 85, 78, 91),
(91, 'G1A014005', 78, 70, 70, 90),
(92, 'G1A014006', 89, 75, 80, 96),
(93, 'G1A014007', 85, 78, 78, 93),
(94, 'G1A014008', 85, 75, 75, 95),
(95, 'G1A014009', 85, 82, 90, 90),
(96, 'G1A014010', 85, 75, 74, 95),
(97, 'G1A014011', 85, 70, 85, 92),
(98, 'G1A014012', 85, 78, 75, 90),
(99, 'G1A014013', 75, 82, 73, 90),
(100, 'G1A014014', 70, 78, 78, 91),
(101, 'G1A014015', 78, 85, 70, 90),
(102, 'G1A014018', 85, 85, 79, 92),
(103, 'G1A014020', 85, 86, 83, 92),
(104, 'G1A014024', 75, 82, 82, 90),
(105, 'G1A014028', 78, 78, 90, 91),
(106, 'G1A014031', 70, 84, 72, 92),
(107, 'G1A014034', 86, 70, 85, 95),
(108, 'G1A014036', 75, 75, 64, 80),
(109, 'G1A014038', 78, 76, 85, 91),
(110, 'G1A014040', 75, 59, 70, 90),
(111, 'G1A014041', 80, 75, 70, 92),
(112, 'G1A014042', 78, 75, 72, 82),
(113, 'G1A014043', 83, 85, 75, 95),
(114, 'G1A014045', 90, 80, 78, 90),
(115, 'G1A014046', 83, 75, 85, 90),
(116, 'G1A014047', 98, 82, 83, 88),
(117, 'G1A014049', 70, 60, 60, 80),
(118, 'G1A015001', 0, 0, 0, 0),
(119, 'G1A015002', 0, 0, 0, 0),
(120, 'G1A015003', 0, 0, 0, 0),
(121, 'G1A015004', 0, 0, 0, 0),
(122, 'G1A015007', 0, 0, 0, 0),
(123, 'G1A015008', 0, 0, 0, 0),
(124, 'G1A015009', 0, 0, 0, 0),
(125, 'G1A015011', 0, 0, 0, 0),
(126, 'G1A015012', 0, 0, 0, 0),
(127, 'G1A015013', 0, 0, 0, 0),
(128, 'G1A015016', 0, 0, 0, 0),
(129, 'G1A015019', 0, 0, 0, 0),
(130, 'G1A015020', 0, 0, 0, 0),
(131, 'G1A015021', 0, 0, 0, 0),
(132, 'G1A015022', 0, 0, 0, 0),
(133, 'G1A015023', 0, 0, 0, 0),
(134, 'G1A015024', 0, 0, 0, 0),
(135, 'G1A015025', 0, 0, 0, 0),
(136, 'G1A015026', 0, 0, 0, 0),
(137, 'G1A015027', 0, 0, 0, 0),
(138, 'G1A015028', 0, 0, 0, 0),
(139, 'G1A015030', 0, 0, 0, 0),
(140, 'G1A015032', 0, 0, 0, 0),
(141, 'G1A015033', 0, 0, 0, 0),
(142, 'G1A015035', 0, 0, 0, 0),
(143, 'G1A015036', 0, 0, 0, 0),
(144, 'G1A015039', 0, 0, 0, 0),
(145, 'G1A015042', 0, 0, 0, 0),
(146, 'G1A015044', 0, 0, 0, 0),
(147, 'G1A015046', 0, 0, 0, 0),
(148, 'G1A015052', 0, 0, 0, 0),
(149, 'G1A015054', 0, 0, 0, 0),
(150, 'G1A015056', 0, 0, 0, 0),
(151, 'G1A015057', 0, 0, 0, 0),
(152, 'G1A015058', 0, 0, 0, 0),
(153, 'G1A015061', 0, 0, 0, 0),
(154, 'G1A015062', 0, 0, 0, 0),
(155, 'G1A015063', 0, 0, 0, 0),
(156, 'G1A015064', 0, 0, 0, 0),
(157, 'G1A015065', 0, 0, 0, 0),
(158, 'G1A015068', 0, 0, 0, 0),
(159, 'G1A015069', 0, 0, 0, 0),
(160, 'G1A015070', 0, 0, 0, 0),
(161, 'G1A015073', 0, 0, 0, 0),
(162, 'G1A015076', 0, 0, 0, 0),
(163, 'G1A015078', 0, 0, 0, 0),
(164, 'G1A015079', 0, 0, 0, 0),
(165, 'G1A015080', 0, 0, 0, 0),
(166, 'G1A015082', 0, 0, 0, 0),
(167, 'G1A015085', 0, 0, 0, 0),
(168, 'G1A015086', 0, 0, 0, 0),
(169, 'G1A015037', 0, 0, 0, 0),
(170, 'G1A015040', 0, 0, 0, 0),
(171, 'G1A015047', 0, 0, 0, 0),
(172, 'G1A015055', 0, 0, 0, 0),
(173, 'G1A015067', 0, 0, 0, 0),
(174, 'G1A015072', 0, 0, 0, 0),
(175, 'G1A015081', 0, 0, 0, 0),
(176, 'G1A016001', 0, 0, 0, 0),
(177, 'G1A016003', 0, 0, 0, 0),
(178, 'G1A016009', 0, 0, 0, 0),
(179, 'G1A016018', 0, 0, 0, 0),
(180, 'G1A016022', 0, 0, 0, 0),
(181, 'G1A016024', 0, 0, 0, 0),
(182, 'G1A016027', 0, 0, 0, 0),
(183, 'G1A016030', 0, 0, 0, 0),
(184, 'G1A016041', 0, 0, 0, 0),
(185, 'G1A016046', 0, 0, 0, 0),
(186, 'G1A016055', 0, 0, 0, 0),
(187, 'G1A016066', 0, 0, 0, 0),
(188, 'G1A016080', 0, 0, 0, 0),
(189, 'G1A016086', 0, 0, 0, 0),
(190, 'G1A015045', 70, 83, 0, 0),
(191, 'G1A016005', 77, 68, 0, 0),
(192, 'G1A016037', 70, 75, 0, 0),
(193, 'G1A016047', 68, 80, 0, 0),
(194, 'G1A016061', 83, 75, 0, 0),
(195, 'G1A016074', 85, 83, 0, 0),
(196, 'G1A016084', 80, 67, 0, 0),
(197, 'G1A017001', 75, 83, 0, 0),
(198, 'G1A017002', 90, 85, 0, 0),
(199, 'G1A017003', 85, 73, 0, 0),
(200, 'G1A017004', 79, 75, 0, 0),
(201, 'G1A017005', 70, 85, 0, 0),
(202, 'G1A017006', 70, 80, 0, 0),
(203, 'G1A017007', 85, 83, 0, 0),
(204, 'G1A017008', 78, 83, 0, 0),
(205, 'G1A017010', 85, 87, 0, 0),
(206, 'G1A017012', 85, 87, 0, 0),
(207, 'G1A017014', 83, 82, 0, 0),
(208, 'G1A017017', 85, 80, 0, 0),
(209, 'G1A017018', 86, 87, 0, 0),
(210, 'G1A017021', 88, 80, 0, 0),
(211, 'G1A017022', 84, 90, 0, 0),
(212, 'G1A017024', 70, 80, 0, 0),
(213, 'G1A017025', 70, 90, 0, 0),
(214, 'G1A017026', 85, 82, 0, 0),
(215, 'G1A017027', 98, 85, 0, 0),
(216, 'G1A017028', 80, 70, 0, 0),
(217, 'G1A017030', 90, 85, 0, 0),
(218, 'G1A017031', 81, 70, 0, 0),
(219, 'G1A017032', 80, 74, 0, 0),
(220, 'G1A017033', 90, 88, 0, 0),
(221, 'G1A017034', 83, 90, 0, 0),
(222, 'G1A017035', 87, 83, 0, 0),
(223, 'G1A017038', 87, 87, 0, 0),
(224, 'G1A017040', 84, 88, 0, 0),
(225, 'G1A017043', 79, 79, 0, 0),
(226, 'G1A017044', 80, 85, 0, 0),
(227, 'G1A017049', 85, 80, 0, 0),
(228, 'G1A017052', 83, 88, 0, 0),
(229, 'G1A017053', 77, 85, 0, 0),
(230, 'G1A017056', 90, 85, 0, 0),
(231, 'G1A017059', 85, 69, 0, 0),
(232, 'G1A017060', 77, 80, 0, 0),
(233, 'G1A017061', 87, 88, 0, 0),
(234, 'G1A017063', 83, 82, 0, 0),
(235, 'G1A017064', 82, 84, 0, 0),
(236, 'G1A017065', 90, 75, 0, 0),
(237, 'G1A017070', 69, 85, 0, 0),
(238, 'G1A017074', 85, 88, 0, 0),
(239, 'G1A017077', 98, 90, 0, 0),
(240, 'G1A017078', 80, 85, 0, 0),
(241, 'G1A017080', 83, 85, 0, 0),
(242, 'G1A015029', 85, 83, 0, 0),
(243, 'G1A015043', 80, 68, 0, 0),
(244, 'G1A015051', 73, 80, 0, 0),
(245, 'G1A015071', 75, 89, 0, 0),
(246, 'G1A016020', 75, 75, 0, 0),
(247, 'G1A016065', 80, 82, 0, 0),
(248, 'G1A016081', 75, 80, 0, 0),
(249, 'G1A017016', 75, 76, 0, 0),
(250, 'G1A017020', 77, 78, 0, 0),
(251, 'G1A017036', 87, 80, 0, 0),
(252, 'G1A017037', 84, 80, 0, 0),
(253, 'G1A017039', 88, 71, 0, 0),
(254, 'G1A017054', 80, 75, 0, 0),
(255, 'G1A017066', 77, 75, 0, 0),
(256, 'G1A017067', 80, 83, 0, 0),
(257, 'G1A017069', 80, 70, 0, 0),
(258, 'G1A014037', 80, 80, 80, 90),
(259, 'G1A016053', 87, 65, 65, 85),
(260, 'G1A017013', 88, 85, 85, 90),
(261, 'G1A017023', 85, 76, 76, 90),
(262, 'G1A017048', 87, 85, 85, 87),
(263, 'G1A018002', 87, 85, 85, 90),
(264, 'G1A018005', 85, 80, 80, 95),
(265, 'G1A018007', 85, 84, 84, 94),
(266, 'G1A018009', 80, 83, 83, 98),
(267, 'G1A018011', 80, 81, 81, 90),
(268, 'G1A018012', 70, 78, 78, 0),
(269, 'G1A018013', 85, 85, 85, 95),
(270, 'G1A018014', 85, 75, 75, 95),
(271, 'G1A018015', 85, 76, 76, 92),
(272, 'G1A018018', 83, 89, 89, 98),
(273, 'G1A018019', 88, 71, 71, 90),
(274, 'G1A018021', 85, 70, 70, 90),
(275, 'G1A018023', 85, 88, 88, 0),
(276, 'G1A018025', 83, 70, 70, 88),
(277, 'G1A018026', 87, 85, 85, 87),
(278, 'G1A018027', 88, 88, 88, 94),
(279, 'G1A018028', 95, 88, 88, 95),
(280, 'G1A018034', 87, 82, 82, 95),
(281, 'G1A018044', 83, 74, 74, 88),
(282, 'G1A018046', 80, 80, 80, 85),
(283, 'G1A018049', 80, 80, 80, 83),
(284, 'G1A018050', 85, 88, 88, 85),
(285, 'G1A018051', 86, 85, 85, 95),
(286, 'G1A018052', 83, 90, 90, 96),
(287, 'G1A018054', 79, 90, 90, 98),
(288, 'G1A018057', 77, 85, 85, 93),
(289, 'G1A018058', 85, 83, 83, 85),
(290, 'G1A018059', 81, 74, 74, 90),
(291, 'G1A018063', 89, 95, 95, 92),
(292, 'G1A018064', 89, 85, 85, 98),
(293, 'G1A018066', 90, 70, 70, 85),
(294, 'G1A018067', 85, 80, 80, 95),
(295, 'G1A018073', 85, 79, 79, 95),
(296, 'G1A018074', 85, 85, 85, 85),
(297, 'G1A018077', 87, 84, 84, 95),
(298, 'G1A018078', 86, 85, 85, 85),
(299, 'G1A018081', 85, 79, 79, 98),
(300, 'G1A018084', 85, 80, 80, 98),
(301, 'G1A018086', 90, 85, 85, 88),
(302, 'G1A018087', 87, 82, 82, 89),
(303, 'G1A018089', 87, 70, 70, 95),
(304, 'G1A018091', 85, 86, 86, 95);

-- --------------------------------------------------------

--
-- Table structure for table `tb_pembimbing`
--

CREATE TABLE `tb_pembimbing` (
  `id_pembimbing` int(11) NOT NULL,
  `npm` varchar(9) NOT NULL,
  `nip` varchar(18) NOT NULL
) ENGINE=InnoDB DEFAULT CHARSET=utf8mb4;

--
-- Dumping data for table `tb_pembimbing`
--

INSERT INTO `tb_pembimbing` (`id_pembimbing`, `npm`, `nip`) VALUES
(87, 'G1A013012', '197610052005012002'),
(88, 'G1A013038', '197610052005012002'),
(89, 'G1A014003', '198112222008011011'),
(90, 'G1A014004', '195803051986031007'),
(91, 'G1A014005', '198909032015041004'),
(92, 'G1A014006', '198112222008011011'),
(93, 'G1A014007', '198112222008011011'),
(94, 'G1A014008', '195803051986031007'),
(95, 'G1A014009', '198205172008121004'),
(96, 'G1A014010', '197812072005012001'),
(97, 'G1A014011', '198909032015041004'),
(98, 'G1A014012', '197812072005012001'),
(99, 'G1A014013', '198901182015042004'),
(100, 'G1A014014', '198901182015042004'),
(101, 'G1A014015', '198909032015041004'),
(102, 'G1A014018', '197812072005012001'),
(103, 'G1A014020', '198205172008121004'),
(104, 'G1A014024', '197308142006042001'),
(105, 'G1A014028', '198701272012122001'),
(106, 'G1A014031', '198901182015042004'),
(107, 'G1A014034', '197610052005012002'),
(108, 'G1A014036', '195904241986021002'),
(109, 'G1A014038', '198701272012122001'),
(110, 'G1A014040', '197308142006042001'),
(111, 'G1A014041', '198205172008121004'),
(112, 'G1A014042', '198701272012122001'),
(113, 'G1A014043', '198101122005011002'),
(114, 'G1A014045', '198101122005011002'),
(115, 'G1A014046', '195803051986031007'),
(116, 'G1A014047', '197308142006042001'),
(117, 'G1A014049', '195904241986021002'),
(118, 'G1A015001', '198906232018031001'),
(119, 'G1A015002', '198701272012122001'),
(120, 'G1A015003', '199010182020122012'),
(121, 'G1A015004', '195803051986031007'),
(122, 'G1A015007', '198310302009031002'),
(123, 'G1A015008', '195803051986031007'),
(124, 'G1A015009', '195904241986021002'),
(125, 'G1A015011', '199010182020122012'),
(126, 'G1A015012', '195803051986031007'),
(127, 'G1A015013', '195803051986031007'),
(128, 'G1A015016', '195803051986031007'),
(129, 'G1A015019', '198101122005011002'),
(130, 'G1A015020', '195904241986021002'),
(131, 'G1A015021', '199010182020122012'),
(132, 'G1A015022', '195803051986031007'),
(133, 'G1A015023', '198906232018031001'),
(134, 'G1A015024', '195904241986021002'),
(135, 'G1A015025', '198310302009031002'),
(136, 'G1A015026', '195803051986031007'),
(137, 'G1A015027', '198310302009031002'),
(138, 'G1A015028', '198909032015041004'),
(139, 'G1A015030', '198205172008121004'),
(140, 'G1A015032', '198205172008121004'),
(141, 'G1A015033', '198909032015041004'),
(142, 'G1A015035', '198701272012122001'),
(143, 'G1A015036', '198701272012122001'),
(144, 'G1A015039', '197308142006042001'),
(145, 'G1A015042', '198701272012122001'),
(146, 'G1A015044', '198101122005011002'),
(147, 'G1A015046', '198112222008011011'),
(148, 'G1A015052', '195803051986031007'),
(149, 'G1A015054', '198906232018031001'),
(150, 'G1A015056', '195803051986031007'),
(151, 'G1A015057', '197308142006042001'),
(152, 'G1A015058', '197308142006042001'),
(153, 'G1A015061', '198906232018031001'),
(154, 'G1A015062', '198901182015042004'),
(155, 'G1A015063', '198310302009031002'),
(156, 'G1A015064', '198909032015041004'),
(157, 'G1A015065', '198205172008121004'),
(158, 'G1A015068', '198701272012122001'),
(159, 'G1A015069', '198112222008011011'),
(160, 'G1A015070', '195904241986021002'),
(161, 'G1A015073', '198112222008011011'),
(162, 'G1A015076', '198205172008121004'),
(163, 'G1A015078', '198909032015041004'),
(164, 'G1A015079', '198310302009031002'),
(165, 'G1A015080', '195803051986031007'),
(166, 'G1A015082', '195803051986031007'),
(167, 'G1A015085', '195904241986021002'),
(168, 'G1A015086', '198205172008121004'),
(169, 'G1A015037', '198701272012122001'),
(170, 'G1A015040', '198906232018031001'),
(171, 'G1A015047', '198101122005011002'),
(172, 'G1A015055', '198101122005011002'),
(173, 'G1A015067', '198112222008011011'),
(174, 'G1A015072', '195904241986021002'),
(175, 'G1A015081', '199010182020122012'),
(176, 'G1A016001', '198112222008011011'),
(177, 'G1A016003', '198310302009031002'),
(178, 'G1A016009', '198112222008011011'),
(179, 'G1A016018', '198310302009031002'),
(180, 'G1A016022', '198101122005011002'),
(181, 'G1A016024', '199201312019031010'),
(182, 'G1A016027', '195803051986031007'),
(183, 'G1A016030', '199201312019031010'),
(184, 'G1A016041', '198112222008011011'),
(185, 'G1A016046', '198502042008122002'),
(186, 'G1A016055', '199201312019031010'),
(187, 'G1A016066', '199010182020122012'),
(188, 'G1A016080', '198101122005011002'),
(189, 'G1A016086', '195803051986031007'),
(190, 'G1A015045', '198502042008122002'),
(191, 'G1A016005', '199201042019031015'),
(192, 'G1A016037', '195904241986021002'),
(193, 'G1A016047', '195904241986021002'),
(194, 'G1A016061', '198906232018031001'),
(195, 'G1A016074', '199007092019032025'),
(196, 'G1A016084', '198205172008121004'),
(197, 'G1A017001', '198909032015041004'),
(198, 'G1A017002', '198101122005011002'),
(199, 'G1A017003', '195803051986031007'),
(200, 'G1A017004', '198112222008011011'),
(201, 'G1A017005', '198502042008122002'),
(202, 'G1A017006', '195904241986021002'),
(203, 'G1A017007', '197812072005012001'),
(204, 'G1A017008', '197308142006042001'),
(205, 'G1A017010', '198205172008121004'),
(206, 'G1A017012', '198906232018031001'),
(207, 'G1A017014', '199007092019032025'),
(208, 'G1A017017', '197812072005012001'),
(209, 'G1A017018', '199201042019031015'),
(210, 'G1A017021', '198101122005011002'),
(211, 'G1A017022', '195803051986031007'),
(212, 'G1A017024', '198502042008122002'),
(213, 'G1A017025', '195904241986021002'),
(214, 'G1A017026', '197812072005012001'),
(215, 'G1A017027', '197308142006042001'),
(216, 'G1A017028', '198205172008121004'),
(217, 'G1A017030', '198906232018031001'),
(218, 'G1A017031', '198411292008122000'),
(219, 'G1A017032', '199007092019032025'),
(220, 'G1A017033', '199010182020122012'),
(221, 'G1A017034', '199201312019031010'),
(222, 'G1A017035', '198101122005011002'),
(223, 'G1A017038', '198909032015041004'),
(224, 'G1A017040', '195803051986031007'),
(225, 'G1A017043', '198112222008011011'),
(226, 'G1A017044', '198205172008121004'),
(227, 'G1A017049', '197308142006042001'),
(228, 'G1A017052', '198906232018031001'),
(229, 'G1A017053', '198411292008122000'),
(230, 'G1A017056', '199010182020122012'),
(231, 'G1A017059', '198906232018031001'),
(232, 'G1A017060', '198411292008122000'),
(233, 'G1A017061', '199201042019031015'),
(234, 'G1A017063', '199007092019032025'),
(235, 'G1A017064', '198909032015041004'),
(236, 'G1A017065', '198101122005011002'),
(237, 'G1A017070', '195904241986021002'),
(238, 'G1A017074', '197812072005012001'),
(239, 'G1A017077', '197308142006042001'),
(240, 'G1A017078', '198205172008121004'),
(241, 'G1A017080', '199201312019031010'),
(242, 'G1A015029', '198411292008122000'),
(243, 'G1A015043', '199201312019031010'),
(244, 'G1A015051', '195904241986021002'),
(245, 'G1A015071', '197308142006042001'),
(246, 'G1A016020', '199007092019032025'),
(247, 'G1A016065', '195803051986031007'),
(248, 'G1A016081', '198906232018031001'),
(249, 'G1A017016', '199201312019031010'),
(250, 'G1A017020', '197308142006042001'),
(251, 'G1A017036', '198411292008122000'),
(252, 'G1A017037', '198909032015041004'),
(253, 'G1A017039', '197812072005012001'),
(254, 'G1A017054', '198909032015041004'),
(255, 'G1A017066', '198411292008122000'),
(256, 'G1A017067', '195904241986021002'),
(257, 'G1A017069', '199007092019032025'),
(258, 'G1A014037', '198502042008122002'),
(259, 'G1A016053', '197812072005012001'),
(260, 'G1A017013', '198909032015041004'),
(261, 'G1A017023', '198909032015041004'),
(262, 'G1A017048', '199010182020122012'),
(263, 'G1A018002', '197812072005012001'),
(264, 'G1A018005', '199201042019031015'),
(265, 'G1A018007', '199007092019032025'),
(266, 'G1A018009', '199010182020122012'),
(267, 'G1A018011', '199201312019031010'),
(268, 'G1A018012', '195803051986031007'),
(269, 'G1A018013', '198205172008121004'),
(270, 'G1A018014', '198205172008121004'),
(271, 'G1A018015', '198411292008122000'),
(272, 'G1A018018', '198112222008011011'),
(273, 'G1A018019', '198101122005011002'),
(274, 'G1A018021', '198906232018031001'),
(275, 'G1A018023', '198502042008122002'),
(276, 'G1A018025', '198411292008122000'),
(277, 'G1A018026', '198906232018031001'),
(278, 'G1A018027', '198411292008122000'),
(279, 'G1A018028', '198909032015041004'),
(280, 'G1A018034', '199007092019032025'),
(281, 'G1A018044', '198411292008122000'),
(282, 'G1A018046', '198502042008122002'),
(283, 'G1A018049', '198502042008122002'),
(284, 'G1A018050', '198205172008121004'),
(285, 'G1A018051', '199411232020122000'),
(286, 'G1A018052', '195803051986031007'),
(287, 'G1A018054', '195904241986021002'),
(288, 'G1A018057', '195803051986031007'),
(289, 'G1A018058', '198205172008121004'),
(290, 'G1A018059', '199411232020122000'),
(291, 'G1A018063', '198112222008011011'),
(292, 'G1A018064', '199411232020122000'),
(293, 'G1A018066', '198909032015041004'),
(294, 'G1A018067', '199201042019031015'),
(295, 'G1A018073', '199411232020122000'),
(296, 'G1A018074', '199007092019032025'),
(297, 'G1A018077', '198112222008011011'),
(298, 'G1A018078', '198112222008011011'),
(299, 'G1A018081', '198909032015041004'),
(300, 'G1A018084', '199007092019032025'),
(301, 'G1A018086', '199201042019031015'),
(302, 'G1A018087', '198906232018031001'),
(303, 'G1A018089', '198906232018031001'),
(304, 'G1A018091', '195803051986031007'),
(308, 'G1A016017', '198112222008011011'),
(309, 'G1A017019', '198205172008121004'),
(310, 'G1A019083', '198205172008121004'),
(311, 'G1A019015', '198502042008122002'),
(312, 'G1A019071', '198205172008121004'),
(313, 'G1A019055', '198205172008121004'),
(314, 'G1A016078', '198112222008011011'),
(315, 'G1A019059', '198502042008122002'),
(316, 'G1A017075', '198112222008011011'),
(317, 'G1A019006', '198502042008122002'),
(318, 'G1A019068', '199010182020122012'),
(319, 'G1A018001', '198502042008122002'),
(320, 'G1A019096', '198502042008122002'),
(321, 'G1A019048', '198502042008122002'),
(322, 'G1A017042', '198906232018031001'),
(323, 'G1A018053', '198112222008011011'),
(324, 'G1A019084', '199010182020122012'),
(325, 'G1A018045', '198112222008011011'),
(326, 'G1A019014', '199411232020122000'),
(327, 'G1A018017', '198112222008011011'),
(328, 'G1A019073', '198112222008011011'),
(329, 'G1A019037', '198112222008011011'),
(330, 'G1A018076', '199411232020122000'),
(331, 'G1A018079', '198502042008122002'),
(332, 'G1A019002', '199010182020122012'),
(333, 'G1A019074', '199411232020122000'),
(334, 'G1A019025', '198906232018031001'),
(335, 'G1A019029', '199201312019031010'),
(336, 'G1A018020', '199007092019032025'),
(337, 'G1A019030', '199411232020122000'),
(338, 'G1A019010', '198112222008011011'),
(339, 'G1A018008', '199201042019031015'),
(340, 'G1A019020', '199201042019031015'),
(341, 'G1A018048', '198101122005011002'),
(342, 'G1A019036', '199201312019031010'),
(343, 'G1A019044', '198906232018031001'),
(344, 'G1A018068', '199010182020122012'),
(345, 'G1A017051', '197812072005012001'),
(346, 'G1A018031', '198906232018031001'),
(347, 'G1A018037', '198112222008011011'),
(348, 'G1A019039', '198101122005011002'),
(349, 'G1A019072', '199010182020122012'),
(350, 'G1A019065', '199010182020122012'),
(351, 'G1A019017', '199411232020122000'),
(352, 'G1A019082', '199007092019032025'),
(353, 'G1A019022', '199201042019031015'),
(354, 'G1A019033', '198101122005011002'),
(355, 'G1A019003', '198112222008011011'),
(356, 'G1A019007', '195803051986031007'),
(357, 'G1A018004', '197812072005012001'),
(358, 'G1A018075', '198101122005011002'),
(359, 'G1A018090', '199411232020122000'),
(360, 'G1A019062', '199007092019032025'),
(361, 'G1A018092', '198101122005011002'),
(362, 'G1A018035', '197812072005012001'),
(363, 'G1A019081', '199201312019031010'),
(364, 'G1A019078', '198205172008121004'),
(365, 'G1A019093', '195803051986031007'),
(366, 'G1A019063', '199201312019031010'),
(367, 'G1A019018', '198411292008122000'),
(368, 'G1A019034', '198411292008122000'),
(369, 'G1A018065', '195803051986031007'),
(370, 'G1A019040', '199007092019032025'),
(371, 'G1A018082', '199007092019032025'),
(372, 'G1A019049', '197812072005012001'),
(373, 'G1A019054', '198411292008122000'),
(374, 'G1A019095', '198502042008122002'),
(375, 'G1A019085', '195803051986031007'),
(376, 'G1A019023', '198411292008122000'),
(377, 'G1A019035', '198906232018031001'),
(378, 'G1A019089', '195803051986031007'),
(379, 'G1A019027', '199411232020122000'),
(380, 'G1A019092', '199201312019031010'),
(381, 'G1A019094', '199201042019031015'),
(382, 'G1A019024', '199411232020122000'),
(383, 'G1A019008', '198411292008122000'),
(384, 'G1A019086', '195803051986031007'),
(385, 'G1A019088', '197812072005012001'),
(386, 'G1A019077', '198411292008122000'),
(387, 'G1A019046', '198112222008011011'),
(388, 'G1A019026', '198906232018031001'),
(389, 'G1A019066', '198906232018031001'),
(390, 'G1A019011', '198112222008011011'),
(391, 'G1A019005', '197812072005012001'),
(392, 'G1A019098', '199007092019032025'),
(393, 'G1A019012', '199007092019032025'),
(394, 'G1A019057', '195803051986031007'),
(395, 'G1A018033', '199010182020122012'),
(396, 'G1A018003', '199201042019031015'),
(397, 'G1A019032', '199201312019031010'),
(398, 'G1A019043', '198112222008011011'),
(399, 'G1A019075', '198205172008121004'),
(400, 'G1A019031', '199201312019031010'),
(401, 'G1A019028', '199201312019031010'),
(402, 'G1A019051', '198112222008011011'),
(403, 'G1A019076', '198906232018031001'),
(404, 'G1A019001', '197812072005012001'),
(405, 'G1A019061', '199201042019031015'),
(406, 'G1A019047', '198205172008121004'),
(407, 'G1A019038', '198205172008121004'),
(408, 'G1A019041', '198101122005011002'),
(409, 'G1A019091', '199201042019031015');

-- --------------------------------------------------------

--
-- Table structure for table `tb_penguji`
--

CREATE TABLE `tb_penguji` (
  `id_penguji` int(11) NOT NULL,
  `npm` varchar(9) NOT NULL,
  `peng1` varchar(45) NOT NULL,
  `peng2` varchar(45) NOT NULL
) ENGINE=InnoDB DEFAULT CHARSET=utf8mb4;

--
-- Dumping data for table `tb_penguji`
--

INSERT INTO `tb_penguji` (`id_penguji`, `npm`, `peng1`, `peng2`) VALUES
(87, 'G1A013012', '198101122005011002', '198701272012122001'),
(88, 'G1A013038', '198909032015041004', '198205172008121004'),
(89, 'G1A014003', '197610052005012002', '197308142006042001'),
(90, 'G1A014004', '197610052005012002', '198909032015041004'),
(91, 'G1A014005', '198701272012122001', '198901182015042004'),
(92, 'G1A014006', '197812072005012001', '198205172008121004'),
(93, 'G1A014007', '195904241986021002', '198901182015042004'),
(94, 'G1A014008', '198112222008011011', '198901182015042004'),
(95, 'G1A014009', '195904241986021002', '198101122005011002'),
(96, 'G1A014010', '195803051986031007', '198112222008011011'),
(97, 'G1A014011', '195803051986031007', '197610052005012002'),
(98, 'G1A014012', '198909032015041004', '198901182015042004'),
(99, 'G1A014013', '198101122005011002', '198112222008011011'),
(100, 'G1A014014', '197812072005012001', '198112222008011011'),
(101, 'G1A014015', '197308142006042001', '198901182015042004'),
(102, 'G1A014018', '197308142006042001', '195904241986021002'),
(103, 'G1A014020', '197610052005012002', '198701272012122001'),
(104, 'G1A014024', '198205172008121004', '198101122005011002'),
(105, 'G1A014028', '198901182015042004', '197308142006042001'),
(106, 'G1A014031', '198101122005011002', '198909032015041004'),
(107, 'G1A014034', '198701272012122001', '198101122005011002'),
(108, 'G1A014036', '197308142006042001', '197812072005012001'),
(109, 'G1A014038', '195803051986031007', '197610052005012002'),
(110, 'G1A014040', '197812072005012001', '198909032015041004'),
(111, 'G1A014041', '197308142006042001', '198112222008011011'),
(112, 'G1A014042', '197812072005012001', '198909032015041004'),
(113, 'G1A014043', '197610052005012002', '198112222008011011'),
(114, 'G1A014045', '195904241986021002', '195803051986031007'),
(115, 'G1A014046', '198205172008121004', '198101122005011002'),
(116, 'G1A014047', '195904241986021002', '197812072005012001'),
(117, 'G1A014049', '198112222008011011', '198205172008121004'),
(118, 'G1A015001', '198205172008121004', '198310302009031002'),
(119, 'G1A015002', '198909032015041004', '198901182015042004'),
(120, 'G1A015003', '197308142006042001', '199201312019031010'),
(121, 'G1A015004', '195904241986021002', '197812072005012001'),
(122, 'G1A015007', '197308142006042001', '197812072005012001'),
(123, 'G1A015008', '195904241986021002', '197812072005012001'),
(124, 'G1A015009', '197308142006042001', '197812072005012001'),
(125, 'G1A015011', '198101122005011002', '198901182015042004'),
(126, 'G1A015012', '198502042008122002', '198909032015041004'),
(127, 'G1A015013', '198901182015042004', '198112222008011011'),
(128, 'G1A015016', '197308142006042001', '198310302009031002'),
(129, 'G1A015019', '198901182015042004', '198112222008011011'),
(130, 'G1A015020', '197308142006042001', '198310302009031002'),
(131, 'G1A015021', '198906232018031001', '199201312019031010'),
(132, 'G1A015022', '198101122005011002', '199201312019031010'),
(133, 'G1A015023', '198112222008011011', '199010182020122012'),
(134, 'G1A015024', '197812072005012001', '198310302009031002'),
(135, 'G1A015025', '195904241986021002', '198909032015041004'),
(136, 'G1A015026', '197812072005012001', '198310302009031002'),
(137, 'G1A015027', '198502042008122002', '198112222008011011'),
(138, 'G1A015028', '198906232018031001', '198112222008011011'),
(139, 'G1A015030', '198502042008122002', '198112222008011011'),
(140, 'G1A015032', '198906232018031001', '198112222008011011'),
(141, 'G1A015033', '195904241986021002', '198310302009031002'),
(142, 'G1A015035', '198112222008011011', '198906232018031001'),
(143, 'G1A015036', '198909032015041004', '199201312019031010'),
(144, 'G1A015039', '198909032015041004', '199201312019031010'),
(145, 'G1A015042', '198502042008122002', '198901182015042004'),
(146, 'G1A015044', '198112222008011011', '198906232018031001'),
(147, 'G1A015046', '198909032015041004', '199201312019031010'),
(148, 'G1A015052', '198909032015041004', '199201312019031010'),
(149, 'G1A015054', '198502042008122002', '198901182015042004'),
(150, 'G1A015056', '197308142006042001', '198906232018031001'),
(151, 'G1A015057', '198906232018031001', '198205172008121004'),
(152, 'G1A015058', '198906232018031001', '198205172008121004'),
(153, 'G1A015061', '198101122005011002', '198701272012122001'),
(154, 'G1A015062', '198906232018031001', '198205172008121004'),
(155, 'G1A015063', '198101122005011002', '198701272012122001'),
(156, 'G1A015064', '197812072005012001', '198906232018031001'),
(157, 'G1A015065', '198701272012122001', '199010182020122012'),
(158, 'G1A015068', '198701272012122001', '199010182020122012'),
(159, 'G1A015069', '198502042008122002', '199010182020122012'),
(160, 'G1A015070', '198909032015041004', '199201312019031010'),
(161, 'G1A015073', '198205172008121004', '198906232018031001'),
(162, 'G1A015076', '198205172008121004', '198906232018031001'),
(163, 'G1A015078', '198205172008121004', '197308142006042001'),
(164, 'G1A015079', '198205172008121004', '199010182020122012'),
(165, 'G1A015080', '198101122005011002', '198701272012122001'),
(166, 'G1A015082', '198906232018031001', '199201312019031010'),
(167, 'G1A015085', '198101122005011002', '198701272012122001'),
(168, 'G1A015086', '198906232018031001', '199201312019031010'),
(169, 'G1A015037', '198112222008011011', '199010182020122012'),
(170, 'G1A015040', '198205172008121004', '199007092019032025'),
(171, 'G1A015047', '197812072005012001', '199201312019031010'),
(172, 'G1A015055', '195904241986021002', '199201312019031010'),
(173, 'G1A015067', '197308142006042001', '198310302009031002'),
(174, 'G1A015072', '195803051986031007', '198701272012122001'),
(175, 'G1A015081', '197308142006042001', '199007092019032025'),
(176, 'G1A016001', '195803051986031007', '198701272012122001'),
(177, 'G1A016003', '198112222008011011', '199201312019031010'),
(178, 'G1A016009', '198909032015041004', '198310302009031002'),
(179, 'G1A016018', '198112222008011011', '199201312019031010'),
(180, 'G1A016022', '198502042008122002', '198909032015041004'),
(181, 'G1A016024', '195904241986021002', '198112222008011011'),
(182, 'G1A016027', '197308142006042001', '199010182020122012'),
(183, 'G1A016030', '198205172008121004', '198906232018031001'),
(184, 'G1A016041', '198101122005011002', '198906232018031001'),
(185, 'G1A016046', '197812072005012001', '199201042019031015'),
(186, 'G1A016055', '197812072005012001', '199007092019032025'),
(187, 'G1A016066', '198502042008122002', '198310302009031002'),
(188, 'G1A016080', '198205172008121004', '199201042019031015'),
(189, 'G1A016086', '198101122005011002', '198112222008011011'),
(190, 'G1A015045', '198909032015041004', '198909032015041004'),
(191, 'G1A016005', '195904241986021002', '195904241986021002'),
(192, 'G1A016037', '198909032015041004', '198909032015041004'),
(193, 'G1A016047', '198205172008121004', '198205172008121004'),
(194, 'G1A016061', '197308142006042001', '197308142006042001'),
(195, 'G1A016074', '199201312019031010', '199201312019031010'),
(196, 'G1A016084', '198411292008122000', '198411292008122000'),
(197, 'G1A017001', '199007092019032025', '199007092019032025'),
(198, 'G1A017002', '197812072005012001', '197812072005012001'),
(199, 'G1A017003', '195904241986021002', '195904241986021002'),
(200, 'G1A017004', '195904241986021002', '195904241986021002'),
(201, 'G1A017005', '198112222008011011', '198112222008011011'),
(202, 'G1A017006', '199201312019031010', '199201312019031010'),
(203, 'G1A017007', '199201312019031010', '199201312019031010'),
(204, 'G1A017008', '198909032015041004', '198909032015041004'),
(205, 'G1A017010', '198101122005011002', '198101122005011002'),
(206, 'G1A017012', '197812072005012001', '197812072005012001'),
(207, 'G1A017014', '198906232018031001', '198906232018031001'),
(208, 'G1A017017', '195803051986031007', '195803051986031007'),
(209, 'G1A017018', '199007092019032025', '199007092019032025'),
(210, 'G1A017021', '198205172008121004', '198205172008121004'),
(211, 'G1A017022', '199007092019032025', '199007092019032025'),
(212, 'G1A017024', '198205172008121004', '198205172008121004'),
(213, 'G1A017025', '197308142006042001', '197308142006042001'),
(214, 'G1A017026', '199201042019031015', '199201042019031015'),
(215, 'G1A017027', '198411292008122000', '198411292008122000'),
(216, 'G1A017028', '199201312019031010', '199201312019031010'),
(217, 'G1A017030', '195803051986031007', '195803051986031007'),
(218, 'G1A017031', '198112222008011011', '198112222008011011'),
(219, 'G1A017032', '199201042019031015', '199201042019031015'),
(220, 'G1A017033', '198909032015041004', '198909032015041004'),
(221, 'G1A017034', '197308142006042001', '197308142006042001'),
(222, 'G1A017035', '197308142006042001', '197308142006042001'),
(223, 'G1A017038', '199201042019031015', '199201042019031015'),
(224, 'G1A017040', '199010182020122012', '199010182020122012'),
(225, 'G1A017043', '197812072005012001', '197812072005012001'),
(226, 'G1A017044', '198112222008011011', '198112222008011011'),
(227, 'G1A017049', '199201312019031010', '199201312019031010'),
(228, 'G1A017052', '199010182020122012', '199010182020122012'),
(229, 'G1A017053', '198101122005011002', '198101122005011002'),
(230, 'G1A017056', '198906232018031001', '198906232018031001'),
(231, 'G1A017059', '195904241986021002', '195904241986021002'),
(232, 'G1A017060', '198205172008121004', '198205172008121004'),
(233, 'G1A017061', '199010182020122012', '199010182020122012'),
(234, 'G1A017063', '195803051986031007', '195803051986031007'),
(235, 'G1A017064', '195803051986031007', '195803051986031007'),
(236, 'G1A017065', '199201312019031010', '199201312019031010'),
(237, 'G1A017070', '198101122005011002', '198101122005011002'),
(238, 'G1A017074', '198906232018031001', '198906232018031001'),
(239, 'G1A017077', '198906232018031001', '198906232018031001'),
(240, 'G1A017078', '198909032015041004', '198909032015041004'),
(241, 'G1A017080', '199201312019031010', '199201312019031010'),
(242, 'G1A015029', '199201312019031010', '199201312019031010'),
(243, 'G1A015043', '198502042008122002', '198502042008122002'),
(244, 'G1A015051', '198411292008122000', '198411292008122000'),
(245, 'G1A015071', '198112222008011011', '198112222008011011'),
(246, 'G1A016020', '198909032015041004', '198909032015041004'),
(247, 'G1A016065', '198101122005011002', '198101122005011002'),
(248, 'G1A016081', '199010182020122012', '199010182020122012'),
(249, 'G1A017016', '198906232018031001', '198906232018031001'),
(250, 'G1A017020', '198906232018031001', '198906232018031001'),
(251, 'G1A017036', '195904241986021002', '195904241986021002'),
(252, 'G1A017037', '199007092019032025', '199007092019032025'),
(253, 'G1A017039', '199201042019031015', '199201042019031015'),
(254, 'G1A017054', '195803051986031007', '195803051986031007'),
(255, 'G1A017066', '197308142006042001', '197308142006042001'),
(256, 'G1A017067', '197812072005012001', '197812072005012001'),
(257, 'G1A017069', '198205172008121004', '198205172008121004'),
(258, 'G1A014037', '198906232018031001', '198906232018031001'),
(259, 'G1A016053', '198502042008122002', '198502042008122002'),
(260, 'G1A017013', '198101122005011002', '198101122005011002'),
(261, 'G1A017023', '195803051986031007', '195803051986031007'),
(262, 'G1A017048', '199201042019031015', '199201042019031015'),
(263, 'G1A018002', '199201312019031010', '199201312019031010'),
(264, 'G1A018005', '199201312019031010', '199201312019031010'),
(265, 'G1A018007', '198906232018031001', '198906232018031001'),
(266, 'G1A018009', '197812072005012001', '197812072005012001'),
(267, 'G1A018011', '197812072005012001', '197812072005012001'),
(268, 'G1A018012', '198411292008122000', '198411292008122000'),
(269, 'G1A018013', '198101122005011002', '198101122005011002'),
(270, 'G1A018014', '198112222008011011', '198112222008011011'),
(271, 'G1A018015', '195803051986031007', '195803051986031007'),
(272, 'G1A018018', '199411232020122000', '199411232020122000'),
(273, 'G1A018019', '199411232020122000', '199411232020122000'),
(274, 'G1A018021', '198205172008121004', '198205172008121004'),
(275, 'G1A018023', '199201312019031010', '199201312019031010'),
(276, 'G1A018025', '198502042008122002', '198502042008122002'),
(277, 'G1A018026', '199007092019032025', '199007092019032025'),
(278, 'G1A018027', '199010182020122012', '199010182020122012'),
(279, 'G1A018028', '199010182020122012', '199010182020122012'),
(280, 'G1A018034', '197812072005012001', '197812072005012001'),
(281, 'G1A018044', '195803051986031007', '195803051986031007'),
(282, 'G1A018046', '198112222008011011', '198112222008011011'),
(283, 'G1A018049', '195904241986021002', '195904241986021002'),
(284, 'G1A018050', '199010182020122012', '199010182020122012'),
(285, 'G1A018051', '198101122005011002', '198101122005011002'),
(286, 'G1A018052', '198909032015041004', '198909032015041004'),
(287, 'G1A018054', '199411232020122000', '199411232020122000'),
(288, 'G1A018057', '197308142006042001', '197308142006042001'),
(289, 'G1A018058', '198411292008122000', '198411292008122000'),
(290, 'G1A018059', '198112222008011011', '198112222008011011'),
(291, 'G1A018063', '198909032015041004', '198909032015041004'),
(292, 'G1A018064', '198906232018031001', '198906232018031001'),
(293, 'G1A018066', '198205172008121004', '198205172008121004'),
(294, 'G1A018067', '199007092019032025', '199007092019032025'),
(295, 'G1A018073', '195904241986021002', '195904241986021002'),
(296, 'G1A018074', '198909032015041004', '198909032015041004'),
(297, 'G1A018077', '198906232018031001', '198906232018031001'),
(298, 'G1A018078', '198411292008122000', '198411292008122000'),
(299, 'G1A018081', '195904241986021002', '195904241986021002'),
(300, 'G1A018084', '197308142006042001', '197308142006042001'),
(301, 'G1A018086', '199007092019032025', '199007092019032025'),
(302, 'G1A018087', '199201042019031015', '199201042019031015'),
(303, 'G1A018089', '198502042008122002', '198502042008122002'),
(304, 'G1A018091', '199201042019031015', '199201042019031015');

-- --------------------------------------------------------

--
-- Table structure for table `tb_pengumuman`
--

CREATE TABLE `tb_pengumuman` (
  `id_pengumuman` int(11) NOT NULL,
  `isi` text
) ENGINE=InnoDB DEFAULT CHARSET=utf8mb4;

--
-- Dumping data for table `tb_pengumuman`
--

INSERT INTO `tb_pengumuman` (`id_pengumuman`, `isi`) VALUES
(1, '<p>pengumuman</p><p><br></p>'),
(2, '<p>pengumuman 2</p>'),
(3, '<p>ini pengumuman</p>'),
(4, '<p>nama nama dibawah ini harap menghadap ke prodi mengumpulkan berkas wisuda :</p><p></p><ol><li>rizky</li><li>habib</li><li>renaldi</li><li>aditya</li></ol><p></p>'),
(5, ''),
(6, '<p>jjkkk88lll</p>'),
(7, ''),
(8, '<p>asdasdas</p>'),
(9, '');

-- --------------------------------------------------------

--
-- Table structure for table `tb_seminar`
--

CREATE TABLE `tb_seminar` (
  `id_seminar` int(11) NOT NULL,
  `id_kp` int(11) NOT NULL,
  `kerangka_acuan` varchar(45) NOT NULL,
  `lbr_persetujuan` varchar(45) NOT NULL,
  `transkrip` varchar(45) NOT NULL,
  `krs` varchar(45) NOT NULL,
  `bukti_hadir` varchar(45) NOT NULL,
  `lbr_nilai` varchar(45) NOT NULL,
  `lbr_bimbingan` varchar(45) NOT NULL,
  `lap_kp` varchar(45) NOT NULL,
  `r_seminar` varchar(45) NOT NULL,
  `tgl_seminar` date NOT NULL,
  `wkt_seminar` time NOT NULL,
  `status_sem` enum('Menunggu','Disetujui Pembimbing','Disetujui Koordinator','Ditolak','Selesai') NOT NULL
) ENGINE=InnoDB DEFAULT CHARSET=utf8mb4;

--
-- Dumping data for table `tb_seminar`
--

INSERT INTO `tb_seminar` (`id_seminar`, `id_kp`, `kerangka_acuan`, `lbr_persetujuan`, `transkrip`, `krs`, `bukti_hadir`, `lbr_nilai`, `lbr_bimbingan`, `lap_kp`, `r_seminar`, `tgl_seminar`, `wkt_seminar`, `status_sem`) VALUES
(87, 87, '-', '-', '-', '-', '-', '-', '-', '-', 'RK-01', '2017-06-21', '09:00:00', 'Selesai'),
(88, 88, '-', '-', '-', '-', '-', '-', '-', '-', 'RK-02', '2017-06-21', '09:00:00', 'Selesai'),
(89, 89, '-', '-', '-', '-', '-', '-', '-', '-', 'RK-03', '2017-06-21', '09:00:00', 'Selesai'),
(90, 90, '-', '-', '-', '-', '-', '-', '-', '-', 'RK-01', '2017-06-21', '10:00:00', 'Selesai'),
(91, 91, '-', '-', '-', '-', '-', '-', '-', '-', 'RK-02', '2017-06-21', '10:00:00', 'Selesai'),
(92, 92, '-', '-', '-', '-', '-', '-', '-', '-', 'RK-03', '2017-06-21', '10:00:00', 'Selesai'),
(93, 93, '-', '-', '-', '-', '-', '-', '-', '-', 'RK-01', '2017-06-21', '11:00:00', 'Selesai'),
(94, 94, '-', '-', '-', '-', '-', '-', '-', '-', 'RK-03', '2017-06-22', '11:00:00', 'Selesai'),
(95, 95, '-', '-', '-', '-', '-', '-', '-', '-', 'RK-01', '2017-06-23', '10:00:00', 'Selesai'),
(96, 96, '-', '-', '-', '-', '-', '-', '-', '-', 'RK-02', '2017-06-21', '11:00:00', 'Selesai'),
(97, 97, '-', '-', '-', '-', '-', '-', '-', '-', 'RK-02', '2017-06-23', '10:00:00', 'Selesai'),
(98, 98, '-', '-', '-', '-', '-', '-', '-', '-', 'RK-03', '2017-06-23', '10:00:00', 'Selesai'),
(99, 99, '-', '-', '-', '-', '-', '-', '-', '-', 'RK-01', '2017-06-23', '11:00:00', 'Selesai'),
(100, 100, '-', '-', '-', '-', '-', '-', '-', '-', 'RK-01', '2017-06-26', '11:00:00', 'Selesai'),
(101, 101, '-', '-', '-', '-', '-', '-', '-', '-', 'RK-02', '2017-06-23', '11:00:00', 'Selesai'),
(102, 102, '-', '-', '-', '-', '-', '-', '-', '-', 'RK-01', '2017-06-26', '10:00:00', 'Selesai'),
(103, 103, '-', '-', '-', '-', '-', '-', '-', '-', 'RK-03', '2017-06-21', '11:00:00', 'Selesai'),
(104, 104, '-', '-', '-', '-', '-', '-', '-', '-', 'RK-01', '2017-06-22', '09:00:00', 'Selesai'),
(105, 105, '-', '-', '-', '-', '-', '-', '-', '-', 'RK-02', '2017-06-22', '09:00:00', 'Selesai'),
(106, 106, '-', '-', '-', '-', '-', '-', '-', '-', 'RK-02', '2017-06-26', '10:00:00', 'Selesai'),
(107, 107, '-', '-', '-', '-', '-', '-', '-', '-', 'RK-02', '2017-06-26', '11:00:00', 'Selesai'),
(108, 108, '-', '-', '-', '-', '-', '-', '-', '-', 'RK-01', '2017-06-27', '09:00:00', 'Selesai'),
(109, 109, '-', '-', '-', '-', '-', '-', '-', '-', 'RK-03', '2017-06-22', '09:00:00', 'Selesai'),
(110, 110, '-', '-', '-', '-', '-', '-', '-', '-', 'RK-01', '2017-06-22', '10:00:00', 'Selesai'),
(111, 111, '-', '-', '-', '-', '-', '-', '-', '-', 'RK-02', '2017-06-22', '10:00:00', 'Selesai'),
(112, 112, '-', '-', '-', '-', '-', '-', '-', '-', 'RK-03', '2017-06-23', '11:00:00', 'Selesai'),
(113, 113, '-', '-', '-', '-', '-', '-', '-', '-', 'RK-01', '2017-06-26', '09:00:00', 'Selesai'),
(114, 114, '-', '-', '-', '-', '-', '-', '-', '-', 'RK-03', '2017-06-22', '10:00:00', 'Selesai'),
(115, 115, '-', '-', '-', '-', '-', '-', '-', '-', 'RK-01', '2017-06-22', '11:00:00', 'Selesai'),
(116, 116, '-', '-', '-', '-', '-', '-', '-', '-', 'RK-02', '2017-06-22', '11:00:00', 'Selesai'),
(117, 117, '-', '-', '-', '-', '-', '-', '-', '-', 'RK-03', '2017-06-26', '10:00:00', 'Selesai'),
(118, 118, '-', '-', '-', '-', '-', '-', '-', '-', 'RK-01', '2018-06-21', '09:00:00', 'Selesai'),
(119, 119, '-', '-', '-', '-', '-', '-', '-', '-', 'RK-02', '2018-06-21', '09:00:00', 'Selesai'),
(120, 120, '-', '-', '-', '-', '-', '-', '-', '-', 'RK-03', '2018-06-21', '09:00:00', 'Selesai'),
(121, 121, '-', '-', '-', '-', '-', '-', '-', '-', 'RK-01', '2018-06-21', '10:00:00', 'Selesai'),
(122, 122, '-', '-', '-', '-', '-', '-', '-', '-', 'RK-03', '2018-06-26', '10:00:00', 'Selesai'),
(123, 123, '-', '-', '-', '-', '-', '-', '-', '-', 'RK-01', '2018-06-27', '09:00:00', 'Selesai'),
(124, 124, '-', '-', '-', '-', '-', '-', '-', '-', 'RK-03', '2018-06-27', '11:00:00', 'Selesai'),
(125, 125, '-', '-', '-', '-', '-', '-', '-', '-', 'RK-02', '2018-06-21', '10:00:00', 'Selesai'),
(126, 126, '-', '-', '-', '-', '-', '-', '-', '-', 'RK-03', '2018-06-21', '10:00:00', 'Selesai'),
(127, 127, '-', '-', '-', '-', '-', '-', '-', '-', 'RK-01', '2018-06-21', '11:00:00', 'Selesai'),
(128, 128, '-', '-', '-', '-', '-', '-', '-', '-', 'RK-02', '2018-06-21', '11:00:00', 'Selesai'),
(129, 129, '-', '-', '-', '-', '-', '-', '-', '-', 'RK-02', '2018-06-27', '09:00:00', 'Selesai'),
(130, 130, '-', '-', '-', '-', '-', '-', '-', '-', 'RK-03', '2018-06-27', '09:00:00', 'Selesai'),
(131, 131, '-', '-', '-', '-', '-', '-', '-', '-', 'RK-03', '2018-06-21', '11:00:00', 'Selesai'),
(132, 132, '-', '-', '-', '-', '-', '-', '-', '-', 'RK-01', '2018-06-22', '09:00:00', 'Selesai'),
(133, 133, '-', '-', '-', '-', '-', '-', '-', '-', 'RK-02', '2018-06-22', '09:00:00', 'Selesai'),
(134, 134, '-', '-', '-', '-', '-', '-', '-', '-', 'RK-03', '2018-06-22', '09:00:00', 'Selesai'),
(135, 135, '-', '-', '-', '-', '-', '-', '-', '-', 'RK-01', '2018-06-22', '10:00:00', 'Selesai'),
(136, 136, '-', '-', '-', '-', '-', '-', '-', '-', 'RK-02', '2018-06-22', '10:00:00', 'Selesai'),
(137, 137, '-', '-', '-', '-', '-', '-', '-', '-', 'RK-03', '2018-06-22', '10:00:00', 'Selesai'),
(138, 138, '-', '-', '-', '-', '-', '-', '-', '-', 'RK-01', '2018-06-22', '11:00:00', 'Selesai'),
(139, 139, '-', '-', '-', '-', '-', '-', '-', '-', 'RK-01', '2018-06-27', '10:00:00', 'Selesai'),
(140, 140, '-', '-', '-', '-', '-', '-', '-', '-', 'RK-01', '2018-06-28', '10:00:00', 'Selesai'),
(141, 141, '-', '-', '-', '-', '-', '-', '-', '-', 'RK-02', '2018-06-22', '11:00:00', 'Selesai'),
(142, 142, '-', '-', '-', '-', '-', '-', '-', '-', 'RK-01', '2018-06-29', '10:00:00', 'Selesai'),
(143, 143, '-', '-', '-', '-', '-', '-', '-', '-', 'RK-03', '2018-06-22', '11:00:00', 'Selesai'),
(144, 144, '-', '-', '-', '-', '-', '-', '-', '-', 'RK-01', '2018-06-25', '09:00:00', 'Selesai'),
(145, 145, '-', '-', '-', '-', '-', '-', '-', '-', 'RK-02', '2018-06-25', '09:00:00', 'Selesai'),
(146, 146, '-', '-', '-', '-', '-', '-', '-', '-', 'RK-03', '2018-06-25', '09:00:00', 'Selesai'),
(147, 147, '-', '-', '-', '-', '-', '-', '-', '-', 'RK-01', '2018-06-25', '10:00:00', 'Selesai'),
(148, 148, '-', '-', '-', '-', '-', '-', '-', '-', 'RK-02', '2018-06-27', '10:00:00', 'Selesai'),
(149, 149, '-', '-', '-', '-', '-', '-', '-', '-', 'RK-02', '2018-06-25', '10:00:00', 'Selesai'),
(150, 150, '-', '-', '-', '-', '-', '-', '-', '-', 'RK-03', '2018-06-25', '10:00:00', 'Selesai'),
(151, 151, '-', '-', '-', '-', '-', '-', '-', '-', 'RK-01', '2018-06-25', '11:00:00', 'Selesai'),
(152, 152, '-', '-', '-', '-', '-', '-', '-', '-', 'RK-03', '2018-06-27', '10:00:00', 'Selesai'),
(153, 153, '-', '-', '-', '-', '-', '-', '-', '-', 'RK-02', '2018-06-25', '11:00:00', 'Selesai'),
(154, 154, '-', '-', '-', '-', '-', '-', '-', '-', 'RK-01', '2018-06-27', '11:00:00', 'Selesai'),
(155, 155, '-', '-', '-', '-', '-', '-', '-', '-', 'RK-02', '2018-06-27', '11:00:00', 'Selesai'),
(156, 156, '-', '-', '-', '-', '-', '-', '-', '-', 'RK-01', '2018-06-29', '09:00:00', 'Selesai'),
(157, 157, '-', '-', '-', '-', '-', '-', '-', '-', 'RK-02', '2018-06-28', '10:00:00', 'Selesai'),
(158, 158, '-', '-', '-', '-', '-', '-', '-', '-', 'RK-02', '2018-06-29', '09:00:00', 'Selesai'),
(159, 159, '-', '-', '-', '-', '-', '-', '-', '-', 'RK-03', '2018-06-25', '11:00:00', 'Selesai'),
(160, 160, '-', '-', '-', '-', '-', '-', '-', '-', 'RK-01', '2018-06-26', '09:00:00', 'Selesai'),
(161, 161, '-', '-', '-', '-', '-', '-', '-', '-', 'RK-02', '2018-06-26', '09:00:00', 'Selesai'),
(162, 162, '-', '-', '-', '-', '-', '-', '-', '-', 'RK-01', '2018-06-29', '11:00:00', 'Selesai'),
(163, 163, '-', '-', '-', '-', '-', '-', '-', '-', 'RK-03', '2018-06-28', '10:00:00', 'Selesai'),
(164, 164, '-', '-', '-', '-', '-', '-', '-', '-', 'RK-01', '2018-06-28', '11:00:00', 'Selesai'),
(165, 165, '-', '-', '-', '-', '-', '-', '-', '-', 'RK-03', '2018-06-26', '09:00:00', 'Selesai'),
(166, 166, '-', '-', '-', '-', '-', '-', '-', '-', 'RK-01', '2018-06-26', '10:00:00', 'Selesai'),
(167, 167, '-', '-', '-', '-', '-', '-', '-', '-', 'RK-02', '2018-06-26', '10:00:00', 'Selesai'),
(168, 168, '-', '-', '-', '-', '-', '-', '-', '-', 'RK-02', '2018-06-28', '11:00:00', 'Selesai'),
(169, 169, '-', '-', '-', '-', '-', '-', '-', '-', 'RK-01', '2019-06-21', '09:00:00', 'Selesai'),
(170, 170, '-', '-', '-', '-', '-', '-', '-', '-', 'RK-02', '2019-06-21', '09:00:00', 'Selesai'),
(171, 171, '-', '-', '-', '-', '-', '-', '-', '-', 'RK-03', '2019-06-21', '09:00:00', 'Selesai'),
(172, 172, '-', '-', '-', '-', '-', '-', '-', '-', 'RK-01', '2019-06-21', '10:00:00', 'Selesai'),
(173, 173, '-', '-', '-', '-', '-', '-', '-', '-', 'RK-02', '2019-06-21', '10:00:00', 'Selesai'),
(174, 174, '-', '-', '-', '-', '-', '-', '-', '-', 'RK-03', '2019-06-21', '10:00:00', 'Selesai'),
(175, 175, '-', '-', '-', '-', '-', '-', '-', '-', 'RK-01', '2019-06-21', '11:00:00', 'Selesai'),
(176, 176, '-', '-', '-', '-', '-', '-', '-', '-', 'RK-02', '2019-06-21', '11:00:00', 'Selesai'),
(177, 177, '-', '-', '-', '-', '-', '-', '-', '-', 'RK-03', '2019-06-21', '11:00:00', 'Selesai'),
(178, 178, '-', '-', '-', '-', '-', '-', '-', '-', 'RK-01', '2019-06-24', '09:00:00', 'Selesai'),
(179, 179, '-', '-', '-', '-', '-', '-', '-', '-', 'RK-02', '2019-06-24', '09:00:00', 'Selesai'),
(180, 180, '-', '-', '-', '-', '-', '-', '-', '-', 'RK-01', '2019-06-25', '09:00:00', 'Selesai'),
(181, 181, '-', '-', '-', '-', '-', '-', '-', '-', 'RK-01', '2019-06-25', '10:00:00', 'Selesai'),
(182, 182, '-', '-', '-', '-', '-', '-', '-', '-', 'RK-03', '2019-06-24', '09:00:00', 'Selesai'),
(183, 183, '-', '-', '-', '-', '-', '-', '-', '-', 'RK-01', '2019-06-24', '10:00:00', 'Selesai'),
(184, 184, '-', '-', '-', '-', '-', '-', '-', '-', 'RK-02', '2019-06-25', '10:00:00', 'Selesai'),
(185, 185, '-', '-', '-', '-', '-', '-', '-', '-', 'RK-02', '2019-06-24', '10:00:00', 'Selesai'),
(186, 186, '-', '-', '-', '-', '-', '-', '-', '-', 'RK-03', '2019-06-25', '10:00:00', 'Selesai'),
(187, 187, '-', '-', '-', '-', '-', '-', '-', '-', 'RK-03', '2019-06-24', '10:00:00', 'Selesai'),
(188, 188, '-', '-', '-', '-', '-', '-', '-', '-', 'RK-01', '2019-06-24', '11:00:00', 'Selesai'),
(189, 189, '-', '-', '-', '-', '-', '-', '-', '-', 'RK-02', '2019-06-24', '11:00:00', 'Selesai'),
(190, 190, '-', '-', '-', '-', '-', '-', '-', '-', 'RK-03', '2019-06-24', '11:00:00', 'Selesai'),
(191, 191, '-', '-', '-', '-', '-', '-', '-', '-', 'RK-01', '2020-06-22', '09:00:00', 'Selesai'),
(192, 192, '-', '-', '-', '-', '-', '-', '-', '-', 'RK-02', '2020-06-22', '09:00:00', 'Selesai'),
(193, 193, '-', '-', '-', '-', '-', '-', '-', '-', 'RK-03', '2020-06-22', '09:00:00', 'Selesai'),
(194, 194, '-', '-', '-', '-', '-', '-', '-', '-', 'RK-01', '2020-06-22', '10:00:00', 'Selesai'),
(195, 195, '-', '-', '-', '-', '-', '-', '-', '-', 'RK-02', '2020-06-22', '10:00:00', 'Selesai'),
(196, 196, '-', '-', '-', '-', '-', '-', '-', '-', 'RK-03', '2020-06-22', '10:00:00', 'Selesai'),
(197, 197, '-', '-', '-', '-', '-', '-', '-', '-', 'RK-01', '2020-06-22', '11:00:00', 'Selesai'),
(198, 198, '-', '-', '-', '-', '-', '-', '-', '-', 'RK-02', '2020-06-22', '11:00:00', 'Selesai'),
(199, 199, '-', '-', '-', '-', '-', '-', '-', '-', 'RK-03', '2020-06-22', '11:00:00', 'Selesai'),
(200, 200, '-', '-', '-', '-', '-', '-', '-', '-', 'RK-01', '2020-06-23', '09:00:00', 'Selesai'),
(201, 201, '-', '-', '-', '-', '-', '-', '-', '-', 'RK-02', '2020-06-23', '09:00:00', 'Selesai'),
(202, 202, '-', '-', '-', '-', '-', '-', '-', '-', 'RK-03', '2020-06-23', '09:00:00', 'Selesai'),
(203, 203, '-', '-', '-', '-', '-', '-', '-', '-', 'RK-01', '2020-06-23', '10:00:00', 'Selesai'),
(204, 204, '-', '-', '-', '-', '-', '-', '-', '-', 'RK-02', '2020-06-23', '10:00:00', 'Selesai'),
(205, 205, '-', '-', '-', '-', '-', '-', '-', '-', 'RK-03', '2020-06-23', '10:00:00', 'Selesai'),
(206, 206, '-', '-', '-', '-', '-', '-', '-', '-', 'RK-01', '2020-06-23', '11:00:00', 'Selesai'),
(207, 207, '-', '-', '-', '-', '-', '-', '-', '-', 'RK-02', '2020-06-23', '11:00:00', 'Selesai'),
(208, 208, '-', '-', '-', '-', '-', '-', '-', '-', 'RK-03', '2020-06-23', '11:00:00', 'Selesai'),
(209, 209, '-', '-', '-', '-', '-', '-', '-', '-', 'RK-01', '2020-06-24', '09:00:00', 'Selesai'),
(210, 210, '-', '-', '-', '-', '-', '-', '-', '-', 'RK-02', '2020-06-24', '09:00:00', 'Selesai'),
(211, 211, '-', '-', '-', '-', '-', '-', '-', '-', 'RK-02', '2020-06-29', '09:00:00', 'Selesai'),
(212, 212, '-', '-', '-', '-', '-', '-', '-', '-', 'RK-01', '2020-06-29', '10:00:00', 'Selesai'),
(213, 213, '-', '-', '-', '-', '-', '-', '-', '-', 'RK-03', '2020-06-24', '09:00:00', 'Selesai'),
(214, 214, '-', '-', '-', '-', '-', '-', '-', '-', 'RK-01', '2020-06-24', '10:00:00', 'Selesai'),
(215, 215, '-', '-', '-', '-', '-', '-', '-', '-', 'RK-02', '2020-06-24', '10:00:00', 'Selesai'),
(216, 216, '-', '-', '-', '-', '-', '-', '-', '-', 'RK-03', '2020-06-24', '10:00:00', 'Selesai'),
(217, 217, '-', '-', '-', '-', '-', '-', '-', '-', 'RK-01', '2020-06-24', '11:00:00', 'Selesai'),
(218, 218, '-', '-', '-', '-', '-', '-', '-', '-', 'RK-02', '2020-06-24', '11:00:00', 'Selesai'),
(219, 219, '-', '-', '-', '-', '-', '-', '-', '-', 'RK-03', '2020-06-24', '11:00:00', 'Selesai'),
(220, 220, '-', '-', '-', '-', '-', '-', '-', '-', 'RK-01', '2020-06-25', '09:00:00', 'Selesai'),
(221, 221, '-', '-', '-', '-', '-', '-', '-', '-', 'RK-02', '2020-06-25', '09:00:00', 'Selesai'),
(222, 222, '-', '-', '-', '-', '-', '-', '-', '-', 'RK-02', '2020-06-29', '10:00:00', 'Selesai'),
(223, 223, '-', '-', '-', '-', '-', '-', '-', '-', 'RK-03', '2020-06-25', '09:00:00', 'Selesai'),
(224, 224, '-', '-', '-', '-', '-', '-', '-', '-', 'RK-01', '2020-06-25', '10:00:00', 'Selesai'),
(225, 225, '-', '-', '-', '-', '-', '-', '-', '-', 'RK-02', '2020-06-25', '10:00:00', 'Selesai'),
(226, 226, '-', '-', '-', '-', '-', '-', '-', '-', 'RK-03', '2020-06-25', '10:00:00', 'Selesai'),
(227, 227, '-', '-', '-', '-', '-', '-', '-', '-', 'RK-01', '2020-06-25', '11:00:00', 'Selesai'),
(228, 228, '-', '-', '-', '-', '-', '-', '-', '-', 'RK-02', '2020-06-25', '11:00:00', 'Selesai'),
(229, 229, '-', '-', '-', '-', '-', '-', '-', '-', 'RK-03', '2020-06-25', '11:00:00', 'Selesai'),
(230, 230, '-', '-', '-', '-', '-', '-', '-', '-', 'RK-01', '2020-06-26', '09:00:00', 'Selesai'),
(231, 231, '-', '-', '-', '-', '-', '-', '-', '-', 'RK-02', '2020-06-26', '09:00:00', 'Selesai'),
(232, 232, '-', '-', '-', '-', '-', '-', '-', '-', 'RK-03', '2020-06-26', '09:00:00', 'Selesai'),
(233, 233, '-', '-', '-', '-', '-', '-', '-', '-', 'RK-01', '2020-06-26', '10:00:00', 'Selesai'),
(234, 234, '-', '-', '-', '-', '-', '-', '-', '-', 'RK-02', '2020-06-26', '10:00:00', 'Selesai'),
(235, 235, '-', '-', '-', '-', '-', '-', '-', '-', 'RK-03', '2020-06-29', '10:00:00', 'Selesai'),
(236, 236, '-', '-', '-', '-', '-', '-', '-', '-', 'RK-03', '2020-06-26', '10:00:00', 'Selesai'),
(237, 237, '-', '-', '-', '-', '-', '-', '-', '-', 'RK-01', '2020-06-26', '11:00:00', 'Selesai'),
(238, 238, '-', '-', '-', '-', '-', '-', '-', '-', 'RK-02', '2020-06-26', '11:00:00', 'Selesai'),
(239, 239, '-', '-', '-', '-', '-', '-', '-', '-', 'RK-01', '2020-06-29', '11:00:00', 'Selesai'),
(240, 240, '-', '-', '-', '-', '-', '-', '-', '-', 'RK-03', '2020-06-26', '11:00:00', 'Selesai'),
(241, 241, '-', '-', '-', '-', '-', '-', '-', '-', 'RK-01', '2020-06-29', '09:00:00', 'Selesai'),
(242, 242, '-', '-', '-', '-', '-', '-', '-', '-', 'RK-02', '2020-06-29', '11:00:00', 'Selesai'),
(243, 243, '-', '-', '-', '-', '-', '-', '-', '-', 'RK-01', '2021-06-22', '09:00:00', 'Selesai'),
(244, 244, '-', '-', '-', '-', '-', '-', '-', '-', 'RK-02', '2021-06-22', '09:00:00', 'Selesai'),
(245, 245, '-', '-', '-', '-', '-', '-', '-', '-', 'RK-03', '2021-06-22', '09:00:00', 'Selesai'),
(246, 246, '-', '-', '-', '-', '-', '-', '-', '-', 'RK-01', '2021-06-22', '10:00:00', 'Selesai'),
(247, 247, '-', '-', '-', '-', '-', '-', '-', '-', 'RK-02', '2021-06-22', '10:00:00', 'Selesai'),
(248, 248, '-', '-', '-', '-', '-', '-', '-', '-', 'RK-03', '2021-06-22', '10:00:00', 'Selesai'),
(249, 249, '-', '-', '-', '-', '-', '-', '-', '-', 'RK-01', '2021-06-22', '11:00:00', 'Selesai'),
(250, 250, '-', '-', '-', '-', '-', '-', '-', '-', 'RK-01', '2021-06-23', '11:00:00', 'Selesai'),
(251, 251, '-', '-', '-', '-', '-', '-', '-', '-', 'RK-02', '2021-06-22', '11:00:00', 'Selesai'),
(252, 252, '-', '-', '-', '-', '-', '-', '-', '-', 'RK-03', '2021-06-22', '11:00:00', 'Selesai'),
(253, 253, '-', '-', '-', '-', '-', '-', '-', '-', 'RK-01', '2021-06-23', '09:00:00', 'Selesai'),
(254, 254, '-', '-', '-', '-', '-', '-', '-', '-', 'RK-02', '2021-06-23', '09:00:00', 'Selesai'),
(255, 255, '-', '-', '-', '-', '-', '-', '-', '-', 'RK-03', '2021-06-23', '09:00:00', 'Selesai'),
(256, 256, '-', '-', '-', '-', '-', '-', '-', '-', 'RK-01', '2021-06-23', '10:00:00', 'Selesai'),
(257, 257, '-', '-', '-', '-', '-', '-', '-', '-', 'RK-02', '2021-06-23', '10:00:00', 'Selesai'),
(258, 258, '-', '-', '-', '-', '-', '-', '-', '-', 'RK-03', '2021-06-23', '10:00:00', 'Selesai'),
(259, 259, '-', '-', '-', '-', '-', '-', '-', '-', 'RK-01', '2021-09-22', '09:00:00', 'Selesai'),
(260, 260, '-', '-', '-', '-', '-', '-', '-', '-', 'RK-02', '2021-09-22', '09:00:00', 'Selesai'),
(261, 261, '-', '-', '-', '-', '-', '-', '-', '-', 'RK-03', '2021-09-22', '09:00:00', 'Selesai'),
(262, 262, '-', '-', '-', '-', '-', '-', '-', '-', 'RK-01', '2021-09-22', '10:00:00', 'Selesai'),
(263, 263, '-', '-', '-', '-', '-', '-', '-', '-', 'RK-02', '2021-09-22', '10:00:00', 'Selesai'),
(264, 264, '-', '-', '-', '-', '-', '-', '-', '-', 'RK-03', '2021-09-28', '11:00:00', 'Selesai'),
(265, 265, '-', '-', '-', '-', '-', '-', '-', '-', 'RK-03', '2021-09-22', '10:00:00', 'Selesai'),
(266, 266, '-', '-', '-', '-', '-', '-', '-', '-', 'RK-01', '2021-09-22', '11:00:00', 'Selesai'),
(267, 267, '-', '-', '-', '-', '-', '-', '-', '-', 'RK-01', '2021-09-29', '10:00:00', 'Selesai'),
(268, 268, '-', '-', '-', '-', '-', '-', '-', '-', 'RK-02', '2021-09-22', '11:00:00', 'Selesai'),
(269, 269, '-', '-', '-', '-', '-', '-', '-', '-', 'RK-03', '2021-09-22', '11:00:00', 'Selesai'),
(270, 270, '-', '-', '-', '-', '-', '-', '-', '-', 'RK-01', '2021-09-23', '09:00:00', 'Selesai'),
(271, 271, '-', '-', '-', '-', '-', '-', '-', '-', 'RK-02', '2021-09-23', '09:00:00', 'Selesai'),
(272, 272, '-', '-', '-', '-', '-', '-', '-', '-', 'RK-03', '2021-09-23', '09:00:00', 'Selesai'),
(273, 273, '-', '-', '-', '-', '-', '-', '-', '-', 'RK-01', '2021-09-23', '10:00:00', 'Selesai'),
(274, 274, '-', '-', '-', '-', '-', '-', '-', '-', 'RK-02', '2021-09-23', '10:00:00', 'Selesai'),
(275, 275, '-', '-', '-', '-', '-', '-', '-', '-', 'RK-03', '2021-09-23', '10:00:00', 'Selesai'),
(276, 276, '-', '-', '-', '-', '-', '-', '-', '-', 'RK-01', '2021-09-23', '11:00:00', 'Selesai'),
(277, 277, '-', '-', '-', '-', '-', '-', '-', '-', 'RK-02', '2021-09-23', '11:00:00', 'Selesai'),
(278, 278, '-', '-', '-', '-', '-', '-', '-', '-', 'RK-03', '2021-09-23', '11:00:00', 'Selesai'),
(279, 279, '-', '-', '-', '-', '-', '-', '-', '-', 'RK-01', '2021-09-24', '09:00:00', 'Selesai'),
(280, 280, '-', '-', '-', '-', '-', '-', '-', '-', 'RK-02', '2021-09-24', '09:00:00', 'Selesai'),
(281, 281, '-', '-', '-', '-', '-', '-', '-', '-', 'RK-03', '2021-09-24', '09:00:00', 'Selesai'),
(282, 282, '-', '-', '-', '-', '-', '-', '-', '-', 'RK-01', '2021-09-24', '10:00:00', 'Selesai'),
(283, 283, '-', '-', '-', '-', '-', '-', '-', '-', 'RK-02', '2021-09-24', '10:00:00', 'Selesai'),
(284, 284, '-', '-', '-', '-', '-', '-', '-', '-', 'RK-03', '2021-09-24', '10:00:00', 'Selesai'),
(285, 285, '-', '-', '-', '-', '-', '-', '-', '-', 'RK-01', '2021-09-24', '11:00:00', 'Selesai'),
(286, 286, '-', '-', '-', '-', '-', '-', '-', '-', 'RK-02', '2021-09-24', '11:00:00', 'Selesai'),
(287, 287, '-', '-', '-', '-', '-', '-', '-', '-', 'RK-03', '2021-09-24', '11:00:00', 'Selesai'),
(288, 288, '-', '-', '-', '-', '-', '-', '-', '-', 'RK-01', '2021-09-27', '09:00:00', 'Selesai'),
(289, 289, '-', '-', '-', '-', '-', '-', '-', '-', 'RK-02', '2021-09-27', '09:00:00', 'Selesai'),
(290, 290, '-', '-', '-', '-', '-', '-', '-', '-', 'RK-03', '2021-09-27', '09:00:00', 'Selesai'),
(291, 291, '-', '-', '-', '-', '-', '-', '-', '-', 'RK-01', '2021-09-27', '10:00:00', 'Selesai'),
(292, 292, '-', '-', '-', '-', '-', '-', '-', '-', 'RK-02', '2021-09-27', '10:00:00', 'Selesai'),
(293, 293, '-', '-', '-', '-', '-', '-', '-', '-', 'RK-03', '2021-09-27', '10:00:00', 'Selesai'),
(294, 294, '-', '-', '-', '-', '-', '-', '-', '-', 'RK-01', '2021-09-27', '11:00:00', 'Selesai'),
(295, 295, '-', '-', '-', '-', '-', '-', '-', '-', 'RK-02', '2021-09-27', '11:00:00', 'Selesai'),
(296, 296, '-', '-', '-', '-', '-', '-', '-', '-', 'RK-03', '2021-09-27', '11:00:00', 'Selesai'),
(297, 297, '-', '-', '-', '-', '-', '-', '-', '-', 'RK-01', '2021-09-28', '09:00:00', 'Selesai'),
(298, 298, '-', '-', '-', '-', '-', '-', '-', '-', 'RK-02', '2021-09-28', '09:00:00', 'Selesai'),
(299, 299, '-', '-', '-', '-', '-', '-', '-', '-', 'RK-03', '2021-09-28', '09:00:00', 'Selesai'),
(300, 300, '-', '-', '-', '-', '-', '-', '-', '-', 'RK-01', '2021-09-28', '10:00:00', 'Selesai'),
(301, 301, '-', '-', '-', '-', '-', '-', '-', '-', 'RK-02', '2021-09-28', '10:00:00', 'Selesai'),
(302, 302, '-', '-', '-', '-', '-', '-', '-', '-', 'RK-03', '2021-09-28', '10:00:00', 'Selesai'),
(303, 303, '-', '-', '-', '-', '-', '-', '-', '-', 'RK-01', '2021-09-28', '11:00:00', 'Selesai'),
(304, 304, '-', '-', '-', '-', '-', '-', '-', '-', 'RK-02', '2021-09-28', '11:00:00', 'Selesai');

-- --------------------------------------------------------

--
-- Table structure for table `tb_user_token`
--

CREATE TABLE `tb_user_token` (
  `id` int(11) NOT NULL,
  `email` varchar(50) NOT NULL,
  `token` varchar(128) NOT NULL
) ENGINE=InnoDB DEFAULT CHARSET=utf8;

--
-- Dumping data for table `tb_user_token`
--

INSERT INTO `tb_user_token` (`id`, `email`, `token`) VALUES
(41, 'rizkyamanahp@gmail.com', '1r54UMpQ7anERyGEDXy6MWGxP6zdtsSPEyeLOiT+ofg='),
(42, 'rizkyamanahp@gmail.com', 'YuEUkntNEp28S3BY+AGNbW4X9p8qCiBbhsfZZBHo43M='),
(43, 'zeddliquid81@gmail.com', 'AG3JDYG9XFfk0gPyuoehVHow7sGLHeMmT2E9z3mV120='),
(44, 'zeddliquid81@gmail.com', 'B5O9HRKo/+KZDyUC/ryfwAaPWimsOedqLxZvaHGZQ4Q='),
(45, 'zeddliquid81@gmail.com', 'toqdk92yXR/jzma0JPfGT9c9pifvhQdhiyiqJ9CuFp0='),
(46, 'rizkyamanahp@gmail.com', '437Ny2hfgsYbBuf12CkD6SRLjvJ0kZXQC1XJa7NuFtA='),
(47, 'zeddliquid81@gmail.com', 'mFoBDw6iPvlX35TP+tKVC/6O/ffn9Fu104a8gsk5ZV8='),
(48, 'tes@gmail.com', 'iek1AlfFkr1TJD/RIeADaezRctO94RBRAlAHy2f8UoE='),
(49, 'tes@gmail.com', '7M9p0QoeW+pc0gk7j8j4PJg2hVbASpEB42wSWJEgRyI='),
(50, 'rizkyamanahp@gmail.com', '6jQiAKMxEEqmJj4YJ/4A5W8cEAFUYkUWMubIPyWnIhE='),
(51, 'rizkyamanahp@gmail.com', 'HWgkfLMj56TJN8qbttJ0pvvfu+lWpqMA5qqwxUkXyB8='),
(52, 'rizkyamanahp@gmail.com', 'UkJbnhlAhyYTYi33nf9liwOwX+cK9aNzfTwaWjVeVKw='),
(53, 'rizkyamanahp@gmail.com', 'cNSdD5XGBUlGAtoecRUD30JoSX5aa7oD3N7XEWFUCyc=');

--
-- Indexes for dumped tables
--

--
-- Indexes for table `tb_dosen`
--
ALTER TABLE `tb_dosen`
  ADD PRIMARY KEY (`nip`),
  ADD KEY `id_user` (`id_user`);

--
-- Indexes for table `tb_jadwal`
--
ALTER TABLE `tb_jadwal`
  ADD PRIMARY KEY (`id_jadwal`);

--
-- Indexes for table `tb_kegiatan`
--
ALTER TABLE `tb_kegiatan`
  ADD PRIMARY KEY (`id_kegiatan`),
  ADD KEY `npm` (`npm`);

--
-- Indexes for table `tb_kerjapraktik`
--
ALTER TABLE `tb_kerjapraktik`
  ADD PRIMARY KEY (`id_kp`),
  ADD KEY `npm` (`npm`,`nip`),
  ADD KEY `id_lks` (`id_lks`),
  ADD KEY `nip` (`nip`);

--
-- Indexes for table `tb_login`
--
ALTER TABLE `tb_login`
  ADD PRIMARY KEY (`id_user`);

--
-- Indexes for table `tb_lokasi`
--
ALTER TABLE `tb_lokasi`
  ADD PRIMARY KEY (`id_lks`);

--
-- Indexes for table `tb_mahasiswa`
--
ALTER TABLE `tb_mahasiswa`
  ADD PRIMARY KEY (`npm`),
  ADD KEY `id_user` (`id_user`);

--
-- Indexes for table `tb_nilai`
--
ALTER TABLE `tb_nilai`
  ADD PRIMARY KEY (`id_nilai`),
  ADD KEY `id_kp` (`npm`);

--
-- Indexes for table `tb_pembimbing`
--
ALTER TABLE `tb_pembimbing`
  ADD PRIMARY KEY (`id_pembimbing`);

--
-- Indexes for table `tb_penguji`
--
ALTER TABLE `tb_penguji`
  ADD PRIMARY KEY (`id_penguji`),
  ADD KEY `npm` (`npm`);

--
-- Indexes for table `tb_pengumuman`
--
ALTER TABLE `tb_pengumuman`
  ADD PRIMARY KEY (`id_pengumuman`);

--
-- Indexes for table `tb_seminar`
--
ALTER TABLE `tb_seminar`
  ADD PRIMARY KEY (`id_seminar`),
  ADD KEY `id_kp` (`id_kp`);

--
-- Indexes for table `tb_user_token`
--
ALTER TABLE `tb_user_token`
  ADD PRIMARY KEY (`id`);

--
-- AUTO_INCREMENT for dumped tables
--

--
-- AUTO_INCREMENT for table `tb_jadwal`
--
ALTER TABLE `tb_jadwal`
  MODIFY `id_jadwal` int(11) NOT NULL AUTO_INCREMENT;

--
-- AUTO_INCREMENT for table `tb_kegiatan`
--
ALTER TABLE `tb_kegiatan`
  MODIFY `id_kegiatan` int(11) NOT NULL AUTO_INCREMENT, AUTO_INCREMENT=13;

--
-- AUTO_INCREMENT for table `tb_kerjapraktik`
--
ALTER TABLE `tb_kerjapraktik`
  MODIFY `id_kp` int(11) NOT NULL AUTO_INCREMENT, AUTO_INCREMENT=410;

--
-- AUTO_INCREMENT for table `tb_login`
--
ALTER TABLE `tb_login`
  MODIFY `id_user` int(11) NOT NULL AUTO_INCREMENT, AUTO_INCREMENT=410;

--
-- AUTO_INCREMENT for table `tb_lokasi`
--
ALTER TABLE `tb_lokasi`
  MODIFY `id_lks` int(11) NOT NULL AUTO_INCREMENT, AUTO_INCREMENT=410;

--
-- AUTO_INCREMENT for table `tb_nilai`
--
ALTER TABLE `tb_nilai`
  MODIFY `id_nilai` int(11) NOT NULL AUTO_INCREMENT, AUTO_INCREMENT=305;

--
-- AUTO_INCREMENT for table `tb_pembimbing`
--
ALTER TABLE `tb_pembimbing`
  MODIFY `id_pembimbing` int(11) NOT NULL AUTO_INCREMENT, AUTO_INCREMENT=410;

--
-- AUTO_INCREMENT for table `tb_penguji`
--
ALTER TABLE `tb_penguji`
  MODIFY `id_penguji` int(11) NOT NULL AUTO_INCREMENT, AUTO_INCREMENT=305;

--
-- AUTO_INCREMENT for table `tb_pengumuman`
--
ALTER TABLE `tb_pengumuman`
  MODIFY `id_pengumuman` int(11) NOT NULL AUTO_INCREMENT, AUTO_INCREMENT=10;

--
-- AUTO_INCREMENT for table `tb_seminar`
--
ALTER TABLE `tb_seminar`
  MODIFY `id_seminar` int(11) NOT NULL AUTO_INCREMENT, AUTO_INCREMENT=305;

--
-- AUTO_INCREMENT for table `tb_user_token`
--
ALTER TABLE `tb_user_token`
  MODIFY `id` int(11) NOT NULL AUTO_INCREMENT, AUTO_INCREMENT=54;

--
-- Constraints for dumped tables
--

--
-- Constraints for table `tb_dosen`
--
ALTER TABLE `tb_dosen`
  ADD CONSTRAINT `tb_dosen_ibfk_1` FOREIGN KEY (`id_user`) REFERENCES `tb_login` (`id_user`) ON DELETE CASCADE ON UPDATE CASCADE;

--
-- Constraints for table `tb_mahasiswa`
--
ALTER TABLE `tb_mahasiswa`
  ADD CONSTRAINT `tb_mahasiswa_ibfk_1` FOREIGN KEY (`id_user`) REFERENCES `tb_login` (`id_user`) ON DELETE CASCADE ON UPDATE CASCADE;

--
-- Constraints for table `tb_penguji`
--
ALTER TABLE `tb_penguji`
  ADD CONSTRAINT `tb_penguji_ibfk_1` FOREIGN KEY (`npm`) REFERENCES `tb_mahasiswa` (`npm`) ON DELETE CASCADE ON UPDATE CASCADE;

/*!40101 SET CHARACTER_SET_CLIENT=@OLD_CHARACTER_SET_CLIENT */;
/*!40101 SET CHARACTER_SET_RESULTS=@OLD_CHARACTER_SET_RESULTS */;
/*!40101 SET COLLATION_CONNECTION=@OLD_COLLATION_CONNECTION */;
